,model_name,step,dte,train_rmse,test_rmse,hyper,hyperidx,train_smape,test_smape,train_mase,test_mase,epochs
esrnn_1_2023-01-03 00:00:00,esrnn_esrnnfthyper,1,2023-01-03 00:00:00,97.80319444552923,100.0697608233876,"Model Name:lstm Hidden Dim:16 Num Layers:2 Dropout:0.2 Criterion:MSELoss() Prune:0.2 Alpha Smoothing:0.2 Cell Type:GRU Dilations:((1, 7), (14, 28)) Multiplicative Seasonality:True No Trend:False Beta Smoothing:0.2 Seasonality:7 Subset:0.001",0,199.94899706457923,200.0,1.3873245,1.3138545,
esrnn_1_2023-01-03 00:00:00,esrnn_esrnnfthyper,1,2023-01-03 00:00:00,97.80319444552923,100.0697608233876,"Model Name:lstm Hidden Dim:16 Num Layers:2 Dropout:0.2 Criterion:MSELoss() Prune:0.2 Alpha Smoothing:0.2 Cell Type:GRU Dilations:((1, 7), (14, 28)) Multiplicative Seasonality:True No Trend:False Beta Smoothing:0.2 Seasonality:7 Subset:0.001",0,199.94899706457923,200.0,1.3873245,1.3138545,
esrnn_1_2023-01-03 00:00:00,esrnn_esrnnfthyper,1,2023-01-03 00:00:00,64.91577701505814,71.37322130007864,"Model Name:lstm Hidden Dim:16 Num Layers:2 Dropout:0.2 Criterion:MSELoss() Prune:0.2 Alpha Smoothing:0.2 Cell Type:GRU Dilations:((1, 7), (14, 28)) Multiplicative Seasonality:True No Trend:False Beta Smoothing:0.5 Seasonality:7 Subset:0.001",2,143.84381115459882,174.54766310307016,0.83260274,0.9319251,
esrnn_1_2023-01-03 00:00:00,esrnn_esrnnfthyper,1,2023-01-03 00:00:00,64.91577701505814,71.37322130007864,"Model Name:lstm Hidden Dim:16 Num Layers:2 Dropout:0.2 Criterion:MSELoss() Prune:0.2 Alpha Smoothing:0.2 Cell Type:GRU Dilations:((1, 7), (14, 28)) Multiplicative Seasonality:True No Trend:False Beta Smoothing:0.5 Seasonality:7 Subset:0.001",2,143.84381115459882,174.54766310307016,0.83260274,0.9319251,
esrnn_1_2023-01-03 00:00:00,esrnn_esrnnfthyper,1,2023-01-03 00:00:00,70.41736277700798,74.67044130502711,"Model Name:lstm Hidden Dim:16 Num Layers:2 Dropout:0.2 Criterion:MSELoss() Prune:0.2 Alpha Smoothing:0.2 Cell Type:GRU Dilations:((1, 7), (14, 28)) Multiplicative Seasonality:True No Trend:False Beta Smoothing:0.7 Seasonality:7 Subset:0.001",4,173.3505789302022,189.17638089364033,0.92793775,0.97746015,
esrnn_1_2023-01-03 00:00:00,esrnn_esrnnfthyper,1,2023-01-03 00:00:00,70.41736277700798,74.67044130502711,"Model Name:lstm Hidden Dim:16 Num Layers:2 Dropout:0.2 Criterion:MSELoss() Prune:0.2 Alpha Smoothing:0.2 Cell Type:GRU Dilations:((1, 7), (14, 28)) Multiplicative Seasonality:True No Trend:False Beta Smoothing:0.7 Seasonality:7 Subset:0.001",4,173.3505789302022,189.17638089364033,0.92793775,0.97746015,
esrnn_1_2023-01-03 00:00:00,esrnn_esrnnfthyper,1,2023-01-03 00:00:00,69.3125493124261,73.16619098946077,"Model Name:lstm Hidden Dim:16 Num Layers:2 Dropout:0.2 Criterion:MSELoss() Prune:0.2 Alpha Smoothing:0.2 Cell Type:GRU Dilations:((1, 7), (14, 28)) Multiplicative Seasonality:False No Trend:False Beta Smoothing:0.2 Seasonality:7 Subset:0.001",6,167.16038812785388,183.6527035361842,0.9092813,0.9576564,
esrnn_1_2023-01-03 00:00:00,esrnn_esrnnfthyper,1,2023-01-03 00:00:00,69.3125493124261,73.16619098946077,"Model Name:lstm Hidden Dim:16 Num Layers:2 Dropout:0.2 Criterion:MSELoss() Prune:0.2 Alpha Smoothing:0.2 Cell Type:GRU Dilations:((1, 7), (14, 28)) Multiplicative Seasonality:False No Trend:False Beta Smoothing:0.2 Seasonality:7 Subset:0.001",6,167.16038812785388,183.6527035361842,0.9092813,0.9576564,
esrnn_1_2023-01-03 00:00:00,esrnn_esrnnfthyper,1,2023-01-03 00:00:00,78.66665977003854,80.32525129804294,"Model Name:lstm Hidden Dim:16 Num Layers:2 Dropout:0.2 Criterion:MSELoss() Prune:0.2 Alpha Smoothing:0.2 Cell Type:GRU Dilations:((1, 7), (14, 28)) Multiplicative Seasonality:False No Trend:False Beta Smoothing:0.5 Seasonality:7 Subset:0.001",8,199.98666829745596,200.0,1.068754,1.0542959,
esrnn_1_2023-01-03 00:00:00,esrnn_esrnnfthyper,1,2023-01-03 00:00:00,78.66665977003854,80.32525129804294,"Model Name:lstm Hidden Dim:16 Num Layers:2 Dropout:0.2 Criterion:MSELoss() Prune:0.2 Alpha Smoothing:0.2 Cell Type:GRU Dilations:((1, 7), (14, 28)) Multiplicative Seasonality:False No Trend:False Beta Smoothing:0.5 Seasonality:7 Subset:0.001",8,199.98666829745596,200.0,1.068754,1.0542959,
esrnn_1_2023-01-03 00:00:00,esrnn_esrnnfthyper,1,2023-01-03 00:00:00,96.23939166376988,110.63339480859746,"Model Name:lstm Hidden Dim:16 Num Layers:2 Dropout:0.2 Criterion:MSELoss() Prune:0.2 Alpha Smoothing:0.2 Cell Type:GRU Dilations:((1, 7), (14, 28)) Multiplicative Seasonality:False No Trend:False Beta Smoothing:0.7 Seasonality:7 Subset:0.001",10,199.95201402478799,200.0,1.3570645,1.4464376,
esrnn_1_2023-01-03 00:00:00,esrnn_esrnnfthyper,1,2023-01-03 00:00:00,96.23939166376988,110.63339480859746,"Model Name:lstm Hidden Dim:16 Num Layers:2 Dropout:0.2 Criterion:MSELoss() Prune:0.2 Alpha Smoothing:0.2 Cell Type:GRU Dilations:((1, 7), (14, 28)) Multiplicative Seasonality:False No Trend:False Beta Smoothing:0.7 Seasonality:7 Subset:0.001",10,199.95201402478799,200.0,1.3570645,1.4464376,
esrnn_1_2023-01-03 00:00:00,esrnn_esrnnfthyper,1,2023-01-03 00:00:00,117.91721556482963,125.4150453245144,"Model Name:lstm Hidden Dim:16 Num Layers:2 Dropout:0.2 Criterion:MSELoss() Prune:0.2 Alpha Smoothing:0.5 Cell Type:GRU Dilations:((1, 7), (14, 28)) Multiplicative Seasonality:True No Trend:False Beta Smoothing:0.2 Seasonality:7 Subset:0.001",12,199.94033349641225,200.0,1.7164428,1.6460345,
esrnn_1_2023-01-03 00:00:00,esrnn_esrnnfthyper,1,2023-01-03 00:00:00,117.91721556482963,125.4150453245144,"Model Name:lstm Hidden Dim:16 Num Layers:2 Dropout:0.2 Criterion:MSELoss() Prune:0.2 Alpha Smoothing:0.5 Cell Type:GRU Dilations:((1, 7), (14, 28)) Multiplicative Seasonality:True No Trend:False Beta Smoothing:0.2 Seasonality:7 Subset:0.001",12,199.94033349641225,200.0,1.7164428,1.6460345,
esrnn_1_2023-01-03 00:00:00,esrnn_esrnnfthyper,1,2023-01-03 00:00:00,94.61020463096199,97.961059307385,"Model Name:lstm Hidden Dim:16 Num Layers:2 Dropout:0.2 Criterion:MSELoss() Prune:0.2 Alpha Smoothing:0.5 Cell Type:GRU Dilations:((1, 7), (14, 28)) Multiplicative Seasonality:True No Trend:False Beta Smoothing:0.5 Seasonality:7 Subset:0.001",14,199.95360404435746,200.0,1.3341478,1.2859747,
esrnn_1_2023-01-03 00:00:00,esrnn_esrnnfthyper,1,2023-01-03 00:00:00,94.61020463096199,97.961059307385,"Model Name:lstm Hidden Dim:16 Num Layers:2 Dropout:0.2 Criterion:MSELoss() Prune:0.2 Alpha Smoothing:0.5 Cell Type:GRU Dilations:((1, 7), (14, 28)) Multiplicative Seasonality:True No Trend:False Beta Smoothing:0.5 Seasonality:7 Subset:0.001",14,199.95360404435746,200.0,1.3341478,1.2859747,
esrnn_1_2023-01-03 00:00:00,esrnn_esrnnfthyper,1,2023-01-03 00:00:00,114.57261787017437,128.7528594949448,"Model Name:lstm Hidden Dim:16 Num Layers:2 Dropout:0.2 Criterion:MSELoss() Prune:0.2 Alpha Smoothing:0.5 Cell Type:GRU Dilations:((1, 7), (14, 28)) Multiplicative Seasonality:True No Trend:False Beta Smoothing:0.7 Seasonality:7 Subset:0.001",16,199.93737769080235,200.0,1.6597244,1.6870137,
esrnn_1_2023-01-03 00:00:00,esrnn_esrnnfthyper,1,2023-01-03 00:00:00,114.57261787017437,128.7528594949448,"Model Name:lstm Hidden Dim:16 Num Layers:2 Dropout:0.2 Criterion:MSELoss() Prune:0.2 Alpha Smoothing:0.5 Cell Type:GRU Dilations:((1, 7), (14, 28)) Multiplicative Seasonality:True No Trend:False Beta Smoothing:0.7 Seasonality:7 Subset:0.001",16,199.93737769080235,200.0,1.6597244,1.6870137,
esrnn_1_2023-01-03 00:00:00,esrnn_esrnnfthyper,1,2023-01-03 00:00:00,120.21752338859548,123.10476515198346,"Model Name:lstm Hidden Dim:16 Num Layers:2 Dropout:0.2 Criterion:MSELoss() Prune:0.2 Alpha Smoothing:0.5 Cell Type:GRU Dilations:((1, 7), (14, 28)) Multiplicative Seasonality:False No Trend:False Beta Smoothing:0.2 Seasonality:7 Subset:0.001",18,199.94206621004565,200.0,1.756148,1.6182519,
esrnn_1_2023-01-03 00:00:00,esrnn_esrnnfthyper,1,2023-01-03 00:00:00,120.21752338859548,123.10476515198346,"Model Name:lstm Hidden Dim:16 Num Layers:2 Dropout:0.2 Criterion:MSELoss() Prune:0.2 Alpha Smoothing:0.5 Cell Type:GRU Dilations:((1, 7), (14, 28)) Multiplicative Seasonality:False No Trend:False Beta Smoothing:0.2 Seasonality:7 Subset:0.001",18,199.94206621004565,200.0,1.756148,1.6182519,
esrnn_1_2023-01-03 00:00:00,esrnn_esrnnfthyper,1,2023-01-03 00:00:00,78.8246391077609,87.82434306258715,"Model Name:lstm Hidden Dim:16 Num Layers:2 Dropout:0.2 Criterion:MSELoss() Prune:0.2 Alpha Smoothing:0.5 Cell Type:GRU Dilations:((1, 7), (14, 28)) Multiplicative Seasonality:False No Trend:False Beta Smoothing:0.5 Seasonality:7 Subset:0.001",20,199.98723907371166,200.0,1.0686361,1.1484306,
esrnn_1_2023-01-03 00:00:00,esrnn_esrnnfthyper,1,2023-01-03 00:00:00,78.8246391077609,87.82434306258715,"Model Name:lstm Hidden Dim:16 Num Layers:2 Dropout:0.2 Criterion:MSELoss() Prune:0.2 Alpha Smoothing:0.5 Cell Type:GRU Dilations:((1, 7), (14, 28)) Multiplicative Seasonality:False No Trend:False Beta Smoothing:0.5 Seasonality:7 Subset:0.001",20,199.98723907371166,200.0,1.0686361,1.1484306,
esrnn_1_2023-01-03 00:00:00,esrnn_esrnnfthyper,1,2023-01-03 00:00:00,136.2580702885154,139.41317442453206,"Model Name:lstm Hidden Dim:16 Num Layers:2 Dropout:0.2 Criterion:MSELoss() Prune:0.2 Alpha Smoothing:0.5 Cell Type:GRU Dilations:((1, 7), (14, 28)) Multiplicative Seasonality:False No Trend:False Beta Smoothing:0.7 Seasonality:7 Subset:0.001",22,199.95140247879974,200.0,2.0183344,1.8331757,
esrnn_1_2023-01-03 00:00:00,esrnn_esrnnfthyper,1,2023-01-03 00:00:00,136.2580702885154,139.41317442453206,"Model Name:lstm Hidden Dim:16 Num Layers:2 Dropout:0.2 Criterion:MSELoss() Prune:0.2 Alpha Smoothing:0.5 Cell Type:GRU Dilations:((1, 7), (14, 28)) Multiplicative Seasonality:False No Trend:False Beta Smoothing:0.7 Seasonality:7 Subset:0.001",22,199.95140247879974,200.0,2.0183344,1.8331757,
esrnn_1_2023-01-03 00:00:00,esrnn_esrnnfthyper,1,2023-01-03 00:00:00,83.47664987419387,85.34370995055816,"Model Name:lstm Hidden Dim:16 Num Layers:2 Dropout:0.2 Criterion:MSELoss() Prune:0.2 Alpha Smoothing:0.7 Cell Type:GRU Dilations:((1, 7), (14, 28)) Multiplicative Seasonality:True No Trend:False Beta Smoothing:0.2 Seasonality:7 Subset:0.001",24,199.97413160469665,200.0,1.1493992,1.120475,
esrnn_1_2023-01-03 00:00:00,esrnn_esrnnfthyper,1,2023-01-03 00:00:00,83.47664987419387,85.34370995055816,"Model Name:lstm Hidden Dim:16 Num Layers:2 Dropout:0.2 Criterion:MSELoss() Prune:0.2 Alpha Smoothing:0.7 Cell Type:GRU Dilations:((1, 7), (14, 28)) Multiplicative Seasonality:True No Trend:False Beta Smoothing:0.2 Seasonality:7 Subset:0.001",24,199.97413160469665,200.0,1.1493992,1.120475,
esrnn_1_2023-01-03 00:00:00,esrnn_esrnnfthyper,1,2023-01-03 00:00:00,94.56498365046387,96.827427835557,"Model Name:lstm Hidden Dim:16 Num Layers:2 Dropout:0.2 Criterion:MSELoss() Prune:0.2 Alpha Smoothing:0.7 Cell Type:GRU Dilations:((1, 7), (14, 28)) Multiplicative Seasonality:True No Trend:False Beta Smoothing:0.5 Seasonality:7 Subset:0.001",26,199.9535632746249,200.0,1.3339057,1.2718853,
esrnn_1_2023-01-03 00:00:00,esrnn_esrnnfthyper,1,2023-01-03 00:00:00,94.56498365046387,96.827427835557,"Model Name:lstm Hidden Dim:16 Num Layers:2 Dropout:0.2 Criterion:MSELoss() Prune:0.2 Alpha Smoothing:0.7 Cell Type:GRU Dilations:((1, 7), (14, 28)) Multiplicative Seasonality:True No Trend:False Beta Smoothing:0.5 Seasonality:7 Subset:0.001",26,199.9535632746249,200.0,1.3339057,1.2718853,
esrnn_1_2023-01-03 00:00:00,esrnn_esrnnfthyper,1,2023-01-03 00:00:00,85.17430714514941,97.00067956430769,"Model Name:lstm Hidden Dim:16 Num Layers:2 Dropout:0.2 Criterion:MSELoss() Prune:0.2 Alpha Smoothing:0.7 Cell Type:GRU Dilations:((1, 7), (14, 28)) Multiplicative Seasonality:True No Trend:False Beta Smoothing:0.7 Seasonality:7 Subset:0.001",28,199.9713796477495,200.0,1.1740619,1.267795,
esrnn_1_2023-01-03 00:00:00,esrnn_esrnnfthyper,1,2023-01-03 00:00:00,85.17430714514941,97.00067956430769,"Model Name:lstm Hidden Dim:16 Num Layers:2 Dropout:0.2 Criterion:MSELoss() Prune:0.2 Alpha Smoothing:0.7 Cell Type:GRU Dilations:((1, 7), (14, 28)) Multiplicative Seasonality:True No Trend:False Beta Smoothing:0.7 Seasonality:7 Subset:0.001",28,199.9713796477495,200.0,1.1740619,1.267795,
esrnn_1_2023-01-03 00:00:00,esrnn_esrnnfthyper,1,2023-01-03 00:00:00,125.46444964610494,128.4470495233347,"Model Name:lstm Hidden Dim:16 Num Layers:2 Dropout:0.2 Criterion:MSELoss() Prune:0.2 Alpha Smoothing:0.7 Cell Type:GRU Dilations:((1, 7), (14, 28)) Multiplicative Seasonality:False No Trend:False Beta Smoothing:0.2 Seasonality:7 Subset:0.001",30,199.9454908675799,200.0,1.8420377,1.6886588,
esrnn_1_2023-01-03 00:00:00,esrnn_esrnnfthyper,1,2023-01-03 00:00:00,125.46444964610494,128.4470495233347,"Model Name:lstm Hidden Dim:16 Num Layers:2 Dropout:0.2 Criterion:MSELoss() Prune:0.2 Alpha Smoothing:0.7 Cell Type:GRU Dilations:((1, 7), (14, 28)) Multiplicative Seasonality:False No Trend:False Beta Smoothing:0.2 Seasonality:7 Subset:0.001",30,199.9454908675799,200.0,1.8420377,1.6886588,
esrnn_1_2023-01-03 00:00:00,esrnn_esrnnfthyper,1,2023-01-03 00:00:00,111.62978100763479,114.34098281702191,"Model Name:lstm Hidden Dim:16 Num Layers:2 Dropout:0.2 Criterion:MSELoss() Prune:0.2 Alpha Smoothing:0.7 Cell Type:GRU Dilations:((1, 7), (14, 28)) Multiplicative Seasonality:False No Trend:False Beta Smoothing:0.5 Seasonality:7 Subset:0.001",32,199.9353595890411,200.0,1.6152414,1.5027456,
esrnn_1_2023-01-03 00:00:00,esrnn_esrnnfthyper,1,2023-01-03 00:00:00,111.62978100763479,114.34098281702191,"Model Name:lstm Hidden Dim:16 Num Layers:2 Dropout:0.2 Criterion:MSELoss() Prune:0.2 Alpha Smoothing:0.7 Cell Type:GRU Dilations:((1, 7), (14, 28)) Multiplicative Seasonality:False No Trend:False Beta Smoothing:0.5 Seasonality:7 Subset:0.001",32,199.9353595890411,200.0,1.6152414,1.5027456,
esrnn_1_2023-01-03 00:00:00,esrnn_esrnnfthyper,1,2023-01-03 00:00:00,78.8441711245194,80.51093554410792,"Model Name:lstm Hidden Dim:16 Num Layers:2 Dropout:0.2 Criterion:MSELoss() Prune:0.2 Alpha Smoothing:0.7 Cell Type:GRU Dilations:((1, 7), (14, 28)) Multiplicative Seasonality:False No Trend:False Beta Smoothing:0.7 Seasonality:7 Subset:0.001",34,199.98613829093281,200.0,1.0717381,1.0567446,
esrnn_1_2023-01-03 00:00:00,esrnn_esrnnfthyper,1,2023-01-03 00:00:00,78.8441711245194,80.51093554410792,"Model Name:lstm Hidden Dim:16 Num Layers:2 Dropout:0.2 Criterion:MSELoss() Prune:0.2 Alpha Smoothing:0.7 Cell Type:GRU Dilations:((1, 7), (14, 28)) Multiplicative Seasonality:False No Trend:False Beta Smoothing:0.7 Seasonality:7 Subset:0.001",34,199.98613829093281,200.0,1.0717381,1.0567446,
esrnn_1_2023-01-03 00:00:00,esrnn_esrnnfthyper,1,2023-01-03 00:00:00,137.32112654968645,140.49171461335362,"Model Name:lstm Hidden Dim:16 Num Layers:2 Dropout:0.2 Criterion:MSELoss() Prune:0.2 Alpha Smoothing:0.2 Cell Type:GRU Dilations:((1, 7), (14, 28)) Multiplicative Seasonality:True No Trend:True Beta Smoothing:0.5 Seasonality:7 Subset:0.001",36,199.95193248532289,200.0,2.035673,1.8473889,
esrnn_1_2023-01-03 00:00:00,esrnn_esrnnfthyper,1,2023-01-03 00:00:00,137.32112654968645,140.49171461335362,"Model Name:lstm Hidden Dim:16 Num Layers:2 Dropout:0.2 Criterion:MSELoss() Prune:0.2 Alpha Smoothing:0.2 Cell Type:GRU Dilations:((1, 7), (14, 28)) Multiplicative Seasonality:True No Trend:True Beta Smoothing:0.5 Seasonality:7 Subset:0.001",36,199.95193248532289,200.0,2.035673,1.8473889,
esrnn_1_2023-01-03 00:00:00,esrnn_esrnnfthyper,1,2023-01-03 00:00:00,84.78803131283478,86.70756684648406,"Model Name:lstm Hidden Dim:16 Num Layers:2 Dropout:0.2 Criterion:MSELoss() Prune:0.2 Alpha Smoothing:0.2 Cell Type:GRU Dilations:((1, 7), (14, 28)) Multiplicative Seasonality:False No Trend:True Beta Smoothing:0.5 Seasonality:7 Subset:0.001",38,199.97117579908675,200.0,1.1713142,1.1384591,
esrnn_1_2023-01-03 00:00:00,esrnn_esrnnfthyper,1,2023-01-03 00:00:00,84.78803131283478,86.70756684648406,"Model Name:lstm Hidden Dim:16 Num Layers:2 Dropout:0.2 Criterion:MSELoss() Prune:0.2 Alpha Smoothing:0.2 Cell Type:GRU Dilations:((1, 7), (14, 28)) Multiplicative Seasonality:False No Trend:True Beta Smoothing:0.5 Seasonality:7 Subset:0.001",38,199.97117579908675,200.0,1.1713142,1.1384591,
esrnn_1_2023-01-03 00:00:00,esrnn_esrnnfthyper,1,2023-01-03 00:00:00,94.32984225909105,96.58490840317653,"Model Name:lstm Hidden Dim:16 Num Layers:2 Dropout:0.2 Criterion:MSELoss() Prune:0.2 Alpha Smoothing:0.5 Cell Type:GRU Dilations:((1, 7), (14, 28)) Multiplicative Seasonality:True No Trend:True Beta Smoothing:0.5 Seasonality:7 Subset:0.001",40,199.9539098173516,200.0,1.3300097,1.268688,
esrnn_1_2023-01-03 00:00:00,esrnn_esrnnfthyper,1,2023-01-03 00:00:00,94.32984225909105,96.58490840317653,"Model Name:lstm Hidden Dim:16 Num Layers:2 Dropout:0.2 Criterion:MSELoss() Prune:0.2 Alpha Smoothing:0.5 Cell Type:GRU Dilations:((1, 7), (14, 28)) Multiplicative Seasonality:True No Trend:True Beta Smoothing:0.5 Seasonality:7 Subset:0.001",40,199.9539098173516,200.0,1.3300097,1.268688,
esrnn_1_2023-01-03 00:00:00,esrnn_esrnnfthyper,1,2023-01-03 00:00:00,133.74898510128963,136.8665165750009,"Model Name:lstm Hidden Dim:16 Num Layers:2 Dropout:0.2 Criterion:MSELoss() Prune:0.2 Alpha Smoothing:0.5 Cell Type:GRU Dilations:((1, 7), (14, 28)) Multiplicative Seasonality:False No Trend:True Beta Smoothing:0.5 Seasonality:7 Subset:0.001",42,199.95015900195693,200.0,1.9773941,1.7996154,
esrnn_1_2023-01-03 00:00:00,esrnn_esrnnfthyper,1,2023-01-03 00:00:00,133.74898510128963,136.8665165750009,"Model Name:lstm Hidden Dim:16 Num Layers:2 Dropout:0.2 Criterion:MSELoss() Prune:0.2 Alpha Smoothing:0.5 Cell Type:GRU Dilations:((1, 7), (14, 28)) Multiplicative Seasonality:False No Trend:True Beta Smoothing:0.5 Seasonality:7 Subset:0.001",42,199.95015900195693,200.0,1.9773941,1.7996154,
esrnn_1_2023-01-03 00:00:00,esrnn_esrnnfthyper,1,2023-01-03 00:00:00,90.36688187518561,92.49166453152684,"Model Name:lstm Hidden Dim:16 Num Layers:2 Dropout:0.2 Criterion:MSELoss() Prune:0.2 Alpha Smoothing:0.7 Cell Type:GRU Dilations:((1, 7), (14, 28)) Multiplicative Seasonality:True No Trend:True Beta Smoothing:0.5 Seasonality:7 Subset:0.001",44,199.96029028049574,200.0,1.2642487,1.2147231,
esrnn_1_2023-01-03 00:00:00,esrnn_esrnnfthyper,1,2023-01-03 00:00:00,90.36688187518561,92.49166453152684,"Model Name:lstm Hidden Dim:16 Num Layers:2 Dropout:0.2 Criterion:MSELoss() Prune:0.2 Alpha Smoothing:0.7 Cell Type:GRU Dilations:((1, 7), (14, 28)) Multiplicative Seasonality:True No Trend:True Beta Smoothing:0.5 Seasonality:7 Subset:0.001",44,199.96029028049574,200.0,1.2642487,1.2147231,
esrnn_1_2023-01-03 00:00:00,esrnn_esrnnfthyper,1,2023-01-03 00:00:00,92.68053539241667,104.37516373490152,"Model Name:lstm Hidden Dim:16 Num Layers:2 Dropout:0.2 Criterion:MSELoss() Prune:0.2 Alpha Smoothing:0.7 Cell Type:GRU Dilations:((1, 7), (14, 28)) Multiplicative Seasonality:False No Trend:True Beta Smoothing:0.5 Seasonality:7 Subset:0.001",46,199.95723255055447,200.0,1.2990167,1.3638074,
esrnn_1_2023-01-03 00:00:00,esrnn_esrnnfthyper,1,2023-01-03 00:00:00,92.68053539241667,104.37516373490152,"Model Name:lstm Hidden Dim:16 Num Layers:2 Dropout:0.2 Criterion:MSELoss() Prune:0.2 Alpha Smoothing:0.7 Cell Type:GRU Dilations:((1, 7), (14, 28)) Multiplicative Seasonality:False No Trend:True Beta Smoothing:0.5 Seasonality:7 Subset:0.001",46,199.95723255055447,200.0,1.2990167,1.3638074,
esrnn_1_2023-01-03 00:00:00,esrnn_esrnnsubsethyper,1,2023-01-03 00:00:00,116.3745678362008,119.18634471123359,"Model Name:lstm Hidden Dim:16 Num Layers:2 Dropout:0.2 Criterion:MSELoss() Prune:0.2 Alpha Smoothing:0.2 Cell Type:GRU Dilations:((1, 7), (14, 28)) Multiplicative Seasonality:True No Trend:False Beta Smoothing:0.2 Seasonality:7 Subset:0.001",0,199.93925309849968,200.0,1.6931478,1.5666083,
esrnn_1_2023-01-03 00:00:00,esrnn_esrnnfthyper,1,2023-01-03 00:00:00,105.95908703362822,108.53783182605041,"Model Name:lstm Hidden Dim:16 Num Layers:2 Dropout:0.2 Criterion:MSELoss() Prune:0.2 Alpha Smoothing:0.2 Cell Type:GRU Dilations:((1, 7), (14, 28)) Multiplicative Seasonality:True No Trend:False Beta Smoothing:0.2 Seasonality:7 Subset:0.001",0,199.93951810176125,200.0,1.5220188,1.426255,
esrnn_1_2023-01-03 00:00:00,esrnn_esrnnsubsetTruehyper,1,2023-01-03 00:00:00,74.54282535898408,87.60903641587865,"Model Name:lstm Hidden Dim:16 Num Layers:2 Dropout:0.2 Criterion:MSELoss() Prune:0.2 Alpha Smoothing:0.2 Cell Type:GRU Dilations:((1, 7), (14, 28)) Multiplicative Seasonality:True No Trend:False Beta Smoothing:0.2 Seasonality:7 Subset:0.001",0,195.0563030006523,199.914336622807,0.9930092,1.1381508,
esrnn_1_2023-01-03 00:00:00,esrnn_esrnnfthyper,1,2023-01-03 00:00:00,77.85587081969959,79.69601670174615,"Model Name:lstm Hidden Dim:16 Num Layers:2 Dropout:0.2 Criterion:MSELoss() Prune:0.2 Alpha Smoothing:0.2 Cell Type:GRU Dilations:((1, 7), (14, 28)) Multiplicative Seasonality:True No Trend:False Beta Smoothing:0.2 Seasonality:7 Subset:0.001",0,199.98819716242662,200.0,1.0544614,1.0455021,
esrnn_1_2023-01-03 00:00:00,esrnn_esrnnsubsetTruehyper,1,2023-01-03 00:00:00,106.9799055678799,116.04356671095559,"Model Name:lstm Hidden Dim:16 Num Layers:2 Dropout:0.2 Criterion:MSELoss() Prune:0.2 Alpha Smoothing:0.2 Cell Type:GRU Dilations:((1, 7), (14, 28)) Multiplicative Seasonality:True No Trend:False Beta Smoothing:0.2 Seasonality:7 Subset:0.001",0,199.94080234833658,200.0,1.5351372,1.5203508,
esrnn_1_2023-01-03 00:00:00,esrnn_esrnnfthyper,1,2023-01-03 00:00:00,63.16361172148981,83.42882679640773,"Model Name:lstm Hidden Dim:16 Num Layers:2 Dropout:0.2 Criterion:MSELoss() Prune:0.2 Alpha Smoothing:0.2 Cell Type:GRU Dilations:((1, 7), (14, 28)) Multiplicative Seasonality:True No Trend:False Beta Smoothing:0.2 Seasonality:7 Subset:0.001",0,132.8202156718852,183.4622224506579,0.7941545,1.0687945,
esrnn_1_2023-01-03 00:00:00,esrnn_esrnnsubsetFalsehyper,1,2023-01-03 00:00:00,95.34625426898008,102.05172554886076,"Model Name:lstm Hidden Dim:16 Num Layers:2 Dropout:0.2 Criterion:MSELoss() Prune:0.2 Alpha Smoothing:0.2 Cell Type:GRU Dilations:((1, 7), (14, 28)) Multiplicative Seasonality:True No Trend:False Beta Smoothing:0.2 Seasonality:7 Subset:0.001",1,199.95260518590996,200.0,1.3447081,1.3371041,
esrnn_1_2023-01-03 00:00:00,esrnn_esrnnfthyper,1,2023-01-03 00:00:00,63.16361172148981,83.42882679640773,"Model Name:lstm Hidden Dim:16 Num Layers:2 Dropout:0.2 Criterion:MSELoss() Prune:0.2 Alpha Smoothing:0.2 Cell Type:GRU Dilations:((1, 7), (14, 28)) Multiplicative Seasonality:True No Trend:False Beta Smoothing:0.2 Seasonality:7 Subset:0.001",0,132.8202156718852,183.4622224506579,0.7941545,1.0687945,
esrnn_1_2023-01-03 00:00:00,esrnn_esrnnsubsetTruehyper,1,2023-01-03 00:00:00,137.35789531821607,140.5290019555572,"Model Name:lstm Hidden Dim:16 Num Layers:2 Dropout:0.2 Criterion:MSELoss() Prune:0.2 Alpha Smoothing:0.2 Cell Type:GRU Dilations:((1, 7), (14, 28)) Multiplicative Seasonality:True No Trend:False Beta Smoothing:0.5 Seasonality:7 Subset:0.001",2,199.95193248532289,200.0,2.0362725,1.8478805,
esrnn_1_2023-01-03 00:00:00,esrnn_esrnnfthyper,1,2023-01-03 00:00:00,132.52917573830678,135.62792335559075,"Model Name:lstm Hidden Dim:16 Num Layers:2 Dropout:0.2 Criterion:MSELoss() Prune:0.2 Alpha Smoothing:0.2 Cell Type:GRU Dilations:((1, 7), (14, 28)) Multiplicative Seasonality:True No Trend:False Beta Smoothing:0.5 Seasonality:7 Subset:0.001",2,199.9495270711024,200.0,1.9574822,1.7832931,
esrnn_1_2023-01-03 00:00:00,esrnn_esrnnsubsetFalsehyper,1,2023-01-03 00:00:00,103.70579348118648,106.2277274449802,"Model Name:lstm Hidden Dim:16 Num Layers:2 Dropout:0.2 Criterion:MSELoss() Prune:0.2 Alpha Smoothing:0.2 Cell Type:GRU Dilations:((1, 7), (14, 28)) Multiplicative Seasonality:True No Trend:False Beta Smoothing:0.5 Seasonality:7 Subset:0.001",3,199.94190313111545,200.0,1.4849123,1.3958043,
esrnn_1_2023-01-03 00:00:00,esrnn_esrnnfthyper,1,2023-01-03 00:00:00,132.52917573830678,135.62792335559075,"Model Name:lstm Hidden Dim:16 Num Layers:2 Dropout:0.2 Criterion:MSELoss() Prune:0.2 Alpha Smoothing:0.2 Cell Type:GRU Dilations:((1, 7), (14, 28)) Multiplicative Seasonality:True No Trend:False Beta Smoothing:0.5 Seasonality:7 Subset:0.001",2,199.9495270711024,200.0,1.9574822,1.7832931,
esrnn_1_2023-01-03 00:00:00,esrnn_esrnnsubsetTruehyper,1,2023-01-03 00:00:00,77.08250069933189,87.67161741407534,"Model Name:lstm Hidden Dim:16 Num Layers:2 Dropout:0.2 Criterion:MSELoss() Prune:0.2 Alpha Smoothing:0.2 Cell Type:GRU Dilations:((1, 7), (14, 28)) Multiplicative Seasonality:True No Trend:False Beta Smoothing:0.7 Seasonality:7 Subset:0.001",4,199.99302837573384,200.0,1.0383288,1.1443008,
esrnn_1_2023-01-03 00:00:00,esrnn_esrnnfthyper,1,2023-01-03 00:00:00,110.59422682858495,113.28229740895088,"Model Name:lstm Hidden Dim:16 Num Layers:2 Dropout:0.2 Criterion:MSELoss() Prune:0.2 Alpha Smoothing:0.2 Cell Type:GRU Dilations:((1, 7), (14, 28)) Multiplicative Seasonality:True No Trend:False Beta Smoothing:0.7 Seasonality:7 Subset:0.001",4,199.9350945857795,200.0,1.5982248,1.4887916,
esrnn_1_2023-01-03 00:00:00,esrnn_esrnnsubsetFalsehyper,1,2023-01-03 00:00:00,97.53026373259738,99.88224023349947,"Model Name:lstm Hidden Dim:16 Num Layers:2 Dropout:0.2 Criterion:MSELoss() Prune:0.2 Alpha Smoothing:0.2 Cell Type:GRU Dilations:((1, 7), (14, 28)) Multiplicative Seasonality:True No Trend:False Beta Smoothing:0.7 Seasonality:7 Subset:0.001",5,199.94938437703848,200.0,1.3829838,1.3121569,
esrnn_1_2023-01-03 00:00:00,esrnn_esrnnfthyper,1,2023-01-03 00:00:00,110.59422682858495,113.28229740895088,"Model Name:lstm Hidden Dim:16 Num Layers:2 Dropout:0.2 Criterion:MSELoss() Prune:0.2 Alpha Smoothing:0.2 Cell Type:GRU Dilations:((1, 7), (14, 28)) Multiplicative Seasonality:True No Trend:False Beta Smoothing:0.7 Seasonality:7 Subset:0.001",4,199.9350945857795,200.0,1.5982248,1.4887916,
esrnn_1_2023-01-03 00:00:00,esrnn_esrnnsubsetTruehyper,1,2023-01-03 00:00:00,101.1322086815694,110.84929151639851,"Model Name:lstm Hidden Dim:16 Num Layers:2 Dropout:0.2 Criterion:MSELoss() Prune:0.2 Alpha Smoothing:0.2 Cell Type:GRU Dilations:((1, 7), (14, 28)) Multiplicative Seasonality:False No Trend:False Beta Smoothing:0.2 Seasonality:7 Subset:0.001",6,199.94528701891716,200.0,1.439765,1.4525583,
esrnn_1_2023-01-03 00:00:00,esrnn_esrnnfthyper,1,2023-01-03 00:00:00,99.22976316830298,109.95799979423961,"Model Name:lstm Hidden Dim:16 Num Layers:2 Dropout:0.2 Criterion:MSELoss() Prune:0.2 Alpha Smoothing:0.2 Cell Type:GRU Dilations:((1, 7), (14, 28)) Multiplicative Seasonality:False No Trend:False Beta Smoothing:0.2 Seasonality:7 Subset:0.001",6,199.94767204827136,200.0,1.4082305,1.4399083,
esrnn_1_2023-01-03 00:00:00,esrnn_esrnnsubsetFalsehyper,1,2023-01-03 00:00:00,92.56200940957095,101.6569464701011,"Model Name:lstm Hidden Dim:16 Num Layers:2 Dropout:0.2 Criterion:MSELoss() Prune:0.2 Alpha Smoothing:0.2 Cell Type:GRU Dilations:((1, 7), (14, 28)) Multiplicative Seasonality:False No Trend:False Beta Smoothing:0.2 Seasonality:7 Subset:0.001",7,199.95731409001957,200.0,1.2976445,1.330517,
esrnn_1_2023-01-03 00:00:00,esrnn_esrnnfthyper,1,2023-01-03 00:00:00,99.22976316830298,109.95799979423961,"Model Name:lstm Hidden Dim:16 Num Layers:2 Dropout:0.2 Criterion:MSELoss() Prune:0.2 Alpha Smoothing:0.2 Cell Type:GRU Dilations:((1, 7), (14, 28)) Multiplicative Seasonality:False No Trend:False Beta Smoothing:0.2 Seasonality:7 Subset:0.001",6,199.94767204827136,200.0,1.4082305,1.4399083,
esrnn_1_2023-01-03 00:00:00,esrnn_esrnnsubsetTruehyper,1,2023-01-03 00:00:00,115.1098617557918,117.89566444663052,"Model Name:lstm Hidden Dim:16 Num Layers:2 Dropout:0.2 Criterion:MSELoss() Prune:0.2 Alpha Smoothing:0.2 Cell Type:GRU Dilations:((1, 7), (14, 28)) Multiplicative Seasonality:False No Trend:False Beta Smoothing:0.5 Seasonality:7 Subset:0.001",8,199.93825424005217,200.0,1.6723961,1.5495973,
esrnn_1_2023-01-03 00:00:00,esrnn_esrnnfthyper,1,2023-01-03 00:00:00,59.81208978111678,69.85690591979794,"Model Name:lstm Hidden Dim:16 Num Layers:2 Dropout:0.2 Criterion:MSELoss() Prune:0.2 Alpha Smoothing:0.2 Cell Type:GRU Dilations:((1, 7), (14, 28)) Multiplicative Seasonality:False No Trend:False Beta Smoothing:0.5 Seasonality:7 Subset:0.001",8,120.33323140900195,164.6678316885965,0.74315155,0.90708524,
esrnn_1_2023-01-03 00:00:00,esrnn_esrnnsubsetFalsehyper,1,2023-01-03 00:00:00,61.66020759916297,81.58593114107511,"Model Name:lstm Hidden Dim:16 Num Layers:2 Dropout:0.2 Criterion:MSELoss() Prune:0.2 Alpha Smoothing:0.2 Cell Type:GRU Dilations:((1, 7), (14, 28)) Multiplicative Seasonality:False No Trend:False Beta Smoothing:0.5 Seasonality:7 Subset:0.001",9,126.1547619047619,181.23146244517542,0.76846904,1.0465658,
esrnn_1_2023-01-03 00:00:00,esrnn_esrnnfthyper,1,2023-01-03 00:00:00,59.81208978111678,69.85690591979794,"Model Name:lstm Hidden Dim:16 Num Layers:2 Dropout:0.2 Criterion:MSELoss() Prune:0.2 Alpha Smoothing:0.2 Cell Type:GRU Dilations:((1, 7), (14, 28)) Multiplicative Seasonality:False No Trend:False Beta Smoothing:0.5 Seasonality:7 Subset:0.001",8,120.33323140900195,164.6678316885965,0.74315155,0.90708524,
esrnn_1_2023-01-03 00:00:00,esrnn_esrnnsubsetTruehyper,1,2023-01-03 00:00:00,128.87163550409377,131.91188021033207,"Model Name:lstm Hidden Dim:16 Num Layers:2 Dropout:0.2 Criterion:MSELoss() Prune:0.2 Alpha Smoothing:0.2 Cell Type:GRU Dilations:((1, 7), (14, 28)) Multiplicative Seasonality:False No Trend:False Beta Smoothing:0.7 Seasonality:7 Subset:0.001",10,199.94750896934116,200.0,1.8977412,1.7343212,
esrnn_1_2023-01-03 00:00:00,esrnn_esrnnfthyper,1,2023-01-03 00:00:00,107.26303825176686,113.1467132131442,"Model Name:lstm Hidden Dim:16 Num Layers:2 Dropout:0.2 Criterion:MSELoss() Prune:0.2 Alpha Smoothing:0.2 Cell Type:GRU Dilations:((1, 7), (14, 28)) Multiplicative Seasonality:False No Trend:False Beta Smoothing:0.7 Seasonality:7 Subset:0.001",10,199.9383969341161,200.0,1.5422175,1.4852831,
esrnn_1_2023-01-03 00:00:00,esrnn_esrnnsubsetFalsehyper,1,2023-01-03 00:00:00,104.9748574808511,107.52909762449185,"Model Name:lstm Hidden Dim:16 Num Layers:2 Dropout:0.2 Criterion:MSELoss() Prune:0.2 Alpha Smoothing:0.2 Cell Type:GRU Dilations:((1, 7), (14, 28)) Multiplicative Seasonality:False No Trend:False Beta Smoothing:0.7 Seasonality:7 Subset:0.001",11,199.940537345075,200.0,1.5058159,1.4129586,
esrnn_1_2023-01-03 00:00:00,esrnn_esrnnfthyper,1,2023-01-03 00:00:00,107.26303825176686,113.1467132131442,"Model Name:lstm Hidden Dim:16 Num Layers:2 Dropout:0.2 Criterion:MSELoss() Prune:0.2 Alpha Smoothing:0.2 Cell Type:GRU Dilations:((1, 7), (14, 28)) Multiplicative Seasonality:False No Trend:False Beta Smoothing:0.7 Seasonality:7 Subset:0.001",10,199.9383969341161,200.0,1.5422175,1.4852831,
esrnn_1_2023-01-03 00:00:00,esrnn_esrnnsubsetTruehyper,1,2023-01-03 00:00:00,114.12389186893557,116.8890407675694,"Model Name:lstm Hidden Dim:16 Num Layers:2 Dropout:0.2 Criterion:MSELoss() Prune:0.2 Alpha Smoothing:0.5 Cell Type:GRU Dilations:((1, 7), (14, 28)) Multiplicative Seasonality:True No Trend:False Beta Smoothing:0.2 Seasonality:7 Subset:0.001",12,199.93745923026745,200.0,1.6562108,1.5363299,
esrnn_1_2023-01-03 00:00:00,esrnn_esrnnfthyper,1,2023-01-03 00:00:00,93.56192593344261,95.79265327714333,"Model Name:lstm Hidden Dim:16 Num Layers:2 Dropout:0.2 Criterion:MSELoss() Prune:0.2 Alpha Smoothing:0.5 Cell Type:GRU Dilations:((1, 7), (14, 28)) Multiplicative Seasonality:True No Trend:False Beta Smoothing:0.2 Seasonality:7 Subset:0.001",12,199.9550717547293,200.0,1.3172818,1.2582433,
esrnn_1_2023-01-03 00:00:00,esrnn_esrnnsubsetFalsehyper,1,2023-01-03 00:00:00,88.46718803813648,91.83427562564808,"Model Name:lstm Hidden Dim:16 Num Layers:2 Dropout:0.2 Criterion:MSELoss() Prune:0.2 Alpha Smoothing:0.5 Cell Type:GRU Dilations:((1, 7), (14, 28)) Multiplicative Seasonality:True No Trend:False Beta Smoothing:0.2 Seasonality:7 Subset:0.001",13,199.96475456621005,200.0,1.2296643,1.2043225,
esrnn_1_2023-01-03 00:00:00,esrnn_esrnnfthyper,1,2023-01-03 00:00:00,93.56192593344261,95.79265327714333,"Model Name:lstm Hidden Dim:16 Num Layers:2 Dropout:0.2 Criterion:MSELoss() Prune:0.2 Alpha Smoothing:0.5 Cell Type:GRU Dilations:((1, 7), (14, 28)) Multiplicative Seasonality:True No Trend:False Beta Smoothing:0.2 Seasonality:7 Subset:0.001",12,199.9550717547293,200.0,1.3172818,1.2582433,
esrnn_1_2023-01-03 00:00:00,esrnn_esrnnsubsetTruehyper,1,2023-01-03 00:00:00,87.95893040220533,103.78052073667293,"Model Name:lstm Hidden Dim:16 Num Layers:2 Dropout:0.2 Criterion:MSELoss() Prune:0.2 Alpha Smoothing:0.5 Cell Type:GRU Dilations:((1, 7), (14, 28)) Multiplicative Seasonality:True No Trend:False Beta Smoothing:0.5 Seasonality:7 Subset:0.001",14,199.96597765818655,200.0,1.2190078,1.3529431,
esrnn_1_2023-01-03 00:00:00,esrnn_esrnnfthyper,1,2023-01-03 00:00:00,122.90680221716778,125.84396340309694,"Model Name:lstm Hidden Dim:16 Num Layers:2 Dropout:0.2 Criterion:MSELoss() Prune:0.2 Alpha Smoothing:0.5 Cell Type:GRU Dilations:((1, 7), (14, 28)) Multiplicative Seasonality:True No Trend:False Beta Smoothing:0.5 Seasonality:7 Subset:0.001",14,199.94386007827788,200.0,1.8001876,1.6543525,
esrnn_1_2023-01-03 00:00:00,esrnn_esrnnsubsetFalsehyper,1,2023-01-03 00:00:00,76.90773883666552,84.08152956078553,"Model Name:lstm Hidden Dim:16 Num Layers:2 Dropout:0.2 Criterion:MSELoss() Prune:0.2 Alpha Smoothing:0.5 Cell Type:GRU Dilations:((1, 7), (14, 28)) Multiplicative Seasonality:True No Trend:False Beta Smoothing:0.5 Seasonality:7 Subset:0.001",15,199.9933953033268,200.0,1.0358647,1.0971485,
esrnn_1_2023-01-03 00:00:00,esrnn_esrnnfthyper,1,2023-01-03 00:00:00,122.90680221716778,125.84396340309694,"Model Name:lstm Hidden Dim:16 Num Layers:2 Dropout:0.2 Criterion:MSELoss() Prune:0.2 Alpha Smoothing:0.5 Cell Type:GRU Dilations:((1, 7), (14, 28)) Multiplicative Seasonality:True No Trend:False Beta Smoothing:0.5 Seasonality:7 Subset:0.001",14,199.94386007827788,200.0,1.8001876,1.6543525,
esrnn_1_2023-01-03 00:00:00,esrnn_esrnnsubsetTruehyper,1,2023-01-03 00:00:00,82.46276977180369,84.28804257481455,"Model Name:lstm Hidden Dim:16 Num Layers:2 Dropout:0.2 Criterion:MSELoss() Prune:0.2 Alpha Smoothing:0.5 Cell Type:GRU Dilations:((1, 7), (14, 28)) Multiplicative Seasonality:True No Trend:False Beta Smoothing:0.7 Seasonality:7 Subset:0.001",16,199.97653701891716,200.0,1.1324358,1.1065545,
esrnn_1_2023-01-03 00:00:00,esrnn_esrnnfthyper,1,2023-01-03 00:00:00,105.3581410742663,110.95177284945699,"Model Name:lstm Hidden Dim:16 Num Layers:2 Dropout:0.2 Criterion:MSELoss() Prune:0.2 Alpha Smoothing:0.5 Cell Type:GRU Dilations:((1, 7), (14, 28)) Multiplicative Seasonality:True No Trend:False Beta Smoothing:0.7 Seasonality:7 Subset:0.001",16,199.94031311154598,200.0,1.5109577,1.4559774,
esrnn_1_2023-01-03 00:00:00,esrnn_esrnnsubsetFalsehyper,1,2023-01-03 00:00:00,89.62510078882059,102.69158448206699,"Model Name:lstm Hidden Dim:16 Num Layers:2 Dropout:0.2 Criterion:MSELoss() Prune:0.2 Alpha Smoothing:0.5 Cell Type:GRU Dilations:((1, 7), (14, 28)) Multiplicative Seasonality:True No Trend:False Beta Smoothing:0.7 Seasonality:7 Subset:0.001",17,199.96277723418135,200.0,1.2469528,1.3417706,
esrnn_1_2023-01-03 00:00:00,esrnn_esrnnfthyper,1,2023-01-03 00:00:00,105.3581410742663,110.95177284945699,"Model Name:lstm Hidden Dim:16 Num Layers:2 Dropout:0.2 Criterion:MSELoss() Prune:0.2 Alpha Smoothing:0.5 Cell Type:GRU Dilations:((1, 7), (14, 28)) Multiplicative Seasonality:True No Trend:False Beta Smoothing:0.7 Seasonality:7 Subset:0.001",16,199.94031311154598,200.0,1.5109577,1.4559774,
esrnn_1_2023-01-03 00:00:00,esrnn_esrnnsubsetTruehyper,1,2023-01-03 00:00:00,94.84743094174982,97.11867036163798,"Model Name:lstm Hidden Dim:16 Num Layers:2 Dropout:0.2 Criterion:MSELoss() Prune:0.2 Alpha Smoothing:0.5 Cell Type:GRU Dilations:((1, 7), (14, 28)) Multiplicative Seasonality:False No Trend:False Beta Smoothing:0.2 Seasonality:7 Subset:0.001",18,199.95313519243314,200.0,1.3385847,1.2757249,
esrnn_1_2023-01-03 00:00:00,esrnn_esrnnfthyper,1,2023-01-03 00:00:00,88.39247142096576,90.44774151581952,"Model Name:lstm Hidden Dim:16 Num Layers:2 Dropout:0.2 Criterion:MSELoss() Prune:0.2 Alpha Smoothing:0.5 Cell Type:GRU Dilations:((1, 7), (14, 28)) Multiplicative Seasonality:False No Trend:False Beta Smoothing:0.2 Seasonality:7 Subset:0.001",18,199.96385763209392,200.0,1.2314098,1.1877747,
esrnn_1_2023-01-03 00:00:00,esrnn_esrnnsubsetFalsehyper,1,2023-01-03 00:00:00,48.56561685621835,66.5542101645343,"Model Name:lstm Hidden Dim:16 Num Layers:2 Dropout:0.2 Criterion:MSELoss() Prune:0.2 Alpha Smoothing:0.5 Cell Type:GRU Dilations:((1, 7), (14, 28)) Multiplicative Seasonality:False No Trend:False Beta Smoothing:0.2 Seasonality:7 Subset:0.001",19,78.33968321917808,149.09371573464912,0.54572463,0.8527336,
esrnn_1_2023-01-03 00:00:00,esrnn_esrnnfthyper,1,2023-01-03 00:00:00,88.39247142096576,90.44774151581952,"Model Name:lstm Hidden Dim:16 Num Layers:2 Dropout:0.2 Criterion:MSELoss() Prune:0.2 Alpha Smoothing:0.5 Cell Type:GRU Dilations:((1, 7), (14, 28)) Multiplicative Seasonality:False No Trend:False Beta Smoothing:0.2 Seasonality:7 Subset:0.001",18,199.96385763209392,200.0,1.2314098,1.1877747,
esrnn_1_2023-01-03 00:00:00,esrnn_esrnnsubsetTruehyper,1,2023-01-03 00:00:00,76.72611344499994,86.53898879713843,"Model Name:lstm Hidden Dim:16 Num Layers:2 Dropout:0.2 Criterion:MSELoss() Prune:0.2 Alpha Smoothing:0.5 Cell Type:GRU Dilations:((1, 7), (14, 28)) Multiplicative Seasonality:False No Trend:False Beta Smoothing:0.5 Seasonality:7 Subset:0.001",20,199.99404761904762,200.0,1.0326802,1.1292187,
esrnn_1_2023-01-03 00:00:00,esrnn_esrnnfthyper,1,2023-01-03 00:00:00,82.2351275972592,90.86469916687943,"Model Name:lstm Hidden Dim:16 Num Layers:2 Dropout:0.2 Criterion:MSELoss() Prune:0.2 Alpha Smoothing:0.5 Cell Type:GRU Dilations:((1, 7), (14, 28)) Multiplicative Seasonality:False No Trend:False Beta Smoothing:0.5 Seasonality:7 Subset:0.001",20,199.9779639595564,200.0,1.1259338,1.1887188,
esrnn_1_2023-01-03 00:00:00,esrnn_esrnnsubsetFalsehyper,1,2023-01-03 00:00:00,118.04266310321874,120.88781682954036,"Model Name:lstm Hidden Dim:16 Num Layers:2 Dropout:0.2 Criterion:MSELoss() Prune:0.2 Alpha Smoothing:0.5 Cell Type:GRU Dilations:((1, 7), (14, 28)) Multiplicative Seasonality:False No Trend:False Beta Smoothing:0.5 Seasonality:7 Subset:0.001",21,199.94049657534245,200.0,1.7205042,1.5890335,
esrnn_1_2023-01-03 00:00:00,esrnn_esrnnfthyper,1,2023-01-03 00:00:00,82.2351275972592,90.86469916687943,"Model Name:lstm Hidden Dim:16 Num Layers:2 Dropout:0.2 Criterion:MSELoss() Prune:0.2 Alpha Smoothing:0.5 Cell Type:GRU Dilations:((1, 7), (14, 28)) Multiplicative Seasonality:False No Trend:False Beta Smoothing:0.5 Seasonality:7 Subset:0.001",20,199.9779639595564,200.0,1.1259338,1.1887188,
esrnn_1_2023-01-03 00:00:00,esrnn_esrnnsubsetTruehyper,1,2023-01-03 00:00:00,84.63065146841745,92.69259932028015,"Model Name:lstm Hidden Dim:16 Num Layers:2 Dropout:0.2 Criterion:MSELoss() Prune:0.2 Alpha Smoothing:0.5 Cell Type:GRU Dilations:((1, 7), (14, 28)) Multiplicative Seasonality:False No Trend:False Beta Smoothing:0.7 Seasonality:7 Subset:0.001",22,199.97217465753423,200.0,1.1664644,1.2134273,
esrnn_1_2023-01-03 00:00:00,esrnn_esrnnfthyper,1,2023-01-03 00:00:00,87.7170911848854,89.74782651006792,"Model Name:lstm Hidden Dim:16 Num Layers:2 Dropout:0.2 Criterion:MSELoss() Prune:0.2 Alpha Smoothing:0.5 Cell Type:GRU Dilations:((1, 7), (14, 28)) Multiplicative Seasonality:False No Trend:False Beta Smoothing:0.7 Seasonality:7 Subset:0.001",22,199.96514187866927,200.0,1.2201642,1.1785463,
esrnn_1_2023-01-03 00:00:00,esrnn_esrnnsubsetFalsehyper,1,2023-01-03 00:00:00,68.05469063899086,82.22274375039883,"Model Name:lstm Hidden Dim:16 Num Layers:2 Dropout:0.2 Criterion:MSELoss() Prune:0.2 Alpha Smoothing:0.5 Cell Type:GRU Dilations:((1, 7), (14, 28)) Multiplicative Seasonality:False No Trend:False Beta Smoothing:0.7 Seasonality:7 Subset:0.001",23,157.80198140900194,195.08653714364033,0.88203746,1.0694532,
esrnn_1_2023-01-03 00:00:00,esrnn_esrnnfthyper,1,2023-01-03 00:00:00,87.7170911848854,89.74782651006792,"Model Name:lstm Hidden Dim:16 Num Layers:2 Dropout:0.2 Criterion:MSELoss() Prune:0.2 Alpha Smoothing:0.5 Cell Type:GRU Dilations:((1, 7), (14, 28)) Multiplicative Seasonality:False No Trend:False Beta Smoothing:0.7 Seasonality:7 Subset:0.001",22,199.96514187866927,200.0,1.2201642,1.1785463,
esrnn_1_2023-01-03 00:00:00,esrnn_esrnnsubsetTruehyper,1,2023-01-03 00:00:00,98.16496001629095,100.89247254193447,"Model Name:lstm Hidden Dim:16 Num Layers:2 Dropout:0.2 Criterion:MSELoss() Prune:0.2 Alpha Smoothing:0.7 Cell Type:GRU Dilations:((1, 7), (14, 28)) Multiplicative Seasonality:True No Trend:False Beta Smoothing:0.2 Seasonality:7 Subset:0.001",24,199.94858936725373,200.0,1.3931735,1.3249712,
esrnn_1_2023-01-03 00:00:00,esrnn_esrnnfthyper,1,2023-01-03 00:00:00,141.40455454784686,144.63241391973654,"Model Name:lstm Hidden Dim:16 Num Layers:2 Dropout:0.2 Criterion:MSELoss() Prune:0.2 Alpha Smoothing:0.7 Cell Type:GRU Dilations:((1, 7), (14, 28)) Multiplicative Seasonality:True No Trend:False Beta Smoothing:0.2 Seasonality:7 Subset:0.001",24,199.9538078930202,200.0,2.1022377,1.9019544,
esrnn_1_2023-01-03 00:00:00,esrnn_esrnnsubsetFalsehyper,1,2023-01-03 00:00:00,86.2623943766561,93.97567109530264,"Model Name:lstm Hidden Dim:16 Num Layers:2 Dropout:0.2 Criterion:MSELoss() Prune:0.2 Alpha Smoothing:0.7 Cell Type:GRU Dilations:((1, 7), (14, 28)) Multiplicative Seasonality:True No Trend:False Beta Smoothing:0.2 Seasonality:7 Subset:0.001",25,199.96885192433137,200.0,1.1929508,1.2283992,
esrnn_1_2023-01-03 00:00:00,esrnn_esrnnfthyper,1,2023-01-03 00:00:00,141.40455454784686,144.63241391973654,"Model Name:lstm Hidden Dim:16 Num Layers:2 Dropout:0.2 Criterion:MSELoss() Prune:0.2 Alpha Smoothing:0.7 Cell Type:GRU Dilations:((1, 7), (14, 28)) Multiplicative Seasonality:True No Trend:False Beta Smoothing:0.2 Seasonality:7 Subset:0.001",24,199.9538078930202,200.0,2.1022377,1.9019544,
esrnn_1_2023-01-03 00:00:00,esrnn_esrnnsubsetTruehyper,1,2023-01-03 00:00:00,90.3164980732687,92.43954950398665,"Model Name:lstm Hidden Dim:16 Num Layers:2 Dropout:0.2 Criterion:MSELoss() Prune:0.2 Alpha Smoothing:0.7 Cell Type:GRU Dilations:((1, 7), (14, 28)) Multiplicative Seasonality:True No Trend:False Beta Smoothing:0.5 Seasonality:7 Subset:0.001",26,199.96037181996084,200.0,1.2634113,1.2140361,
esrnn_1_2023-01-03 00:00:00,esrnn_esrnnfthyper,1,2023-01-03 00:00:00,78.95501587138084,80.62687134456168,"Model Name:lstm Hidden Dim:16 Num Layers:2 Dropout:0.2 Criterion:MSELoss() Prune:0.2 Alpha Smoothing:0.7 Cell Type:GRU Dilations:((1, 7), (14, 28)) Multiplicative Seasonality:True No Trend:False Beta Smoothing:0.5 Seasonality:7 Subset:0.001",26,199.98583251793866,200.0,1.0736011,1.0582736,
esrnn_1_2023-01-03 00:00:00,esrnn_esrnnsubsetFalsehyper,1,2023-01-03 00:00:00,58.86722638104224,69.40041060532351,"Model Name:lstm Hidden Dim:16 Num Layers:2 Dropout:0.2 Criterion:MSELoss() Prune:0.2 Alpha Smoothing:0.7 Cell Type:GRU Dilations:((1, 7), (14, 28)) Multiplicative Seasonality:True No Trend:False Beta Smoothing:0.5 Seasonality:7 Subset:0.001",27,116.10522667971297,160.0436369243421,0.7256966,0.896502,
esrnn_1_2023-01-03 00:00:00,esrnn_esrnnfthyper,1,2023-01-03 00:00:00,78.95501587138084,80.62687134456168,"Model Name:lstm Hidden Dim:16 Num Layers:2 Dropout:0.2 Criterion:MSELoss() Prune:0.2 Alpha Smoothing:0.7 Cell Type:GRU Dilations:((1, 7), (14, 28)) Multiplicative Seasonality:True No Trend:False Beta Smoothing:0.5 Seasonality:7 Subset:0.001",26,199.98583251793866,200.0,1.0736011,1.0582736,
esrnn_1_2023-01-03 00:00:00,esrnn_esrnnsubsetTruehyper,1,2023-01-03 00:00:00,96.06485337878522,108.53810174887894,"Model Name:lstm Hidden Dim:16 Num Layers:2 Dropout:0.2 Criterion:MSELoss() Prune:0.2 Alpha Smoothing:0.7 Cell Type:GRU Dilations:((1, 7), (14, 28)) Multiplicative Seasonality:True No Trend:False Beta Smoothing:0.7 Seasonality:7 Subset:0.001",28,199.95211594911936,200.0,1.3549521,1.4205396,
esrnn_1_2023-01-03 00:00:00,esrnn_esrnnfthyper,1,2023-01-03 00:00:00,64.07110460505969,72.51801365652192,"Model Name:lstm Hidden Dim:16 Num Layers:2 Dropout:0.2 Criterion:MSELoss() Prune:0.2 Alpha Smoothing:0.7 Cell Type:GRU Dilations:((1, 7), (14, 28)) Multiplicative Seasonality:True No Trend:False Beta Smoothing:0.7 Seasonality:7 Subset:0.001",28,139.5528069960861,177.0516721491228,0.81728584,0.9456677,
esrnn_1_2023-01-03 00:00:00,esrnn_esrnnsubsetFalsehyper,1,2023-01-03 00:00:00,70.07083818023908,79.8732333040143,"Model Name:lstm Hidden Dim:16 Num Layers:2 Dropout:0.2 Criterion:MSELoss() Prune:0.2 Alpha Smoothing:0.7 Cell Type:GRU Dilations:((1, 7), (14, 28)) Multiplicative Seasonality:True No Trend:False Beta Smoothing:0.7 Seasonality:7 Subset:0.001",29,169.63373491519894,190.99393503289474,0.9187952,1.0388691,
esrnn_1_2023-01-03 00:00:00,esrnn_esrnnfthyper,1,2023-01-03 00:00:00,64.07110460505969,72.51801365652192,"Model Name:lstm Hidden Dim:16 Num Layers:2 Dropout:0.2 Criterion:MSELoss() Prune:0.2 Alpha Smoothing:0.7 Cell Type:GRU Dilations:((1, 7), (14, 28)) Multiplicative Seasonality:True No Trend:False Beta Smoothing:0.7 Seasonality:7 Subset:0.001",28,139.5528069960861,177.0516721491228,0.81728584,0.9456677,
esrnn_1_2023-01-03 00:00:00,esrnn_esrnnsubsetTruehyper,1,2023-01-03 00:00:00,118.72327824346412,124.72197205184017,"Model Name:lstm Hidden Dim:16 Num Layers:2 Dropout:0.2 Criterion:MSELoss() Prune:0.2 Alpha Smoothing:0.7 Cell Type:GRU Dilations:((1, 7), (14, 28)) Multiplicative Seasonality:False No Trend:False Beta Smoothing:0.2 Seasonality:7 Subset:0.001",30,199.94088388780168,200.0,1.7305461,1.6377343,
esrnn_1_2023-01-03 00:00:00,esrnn_esrnnfthyper,1,2023-01-03 00:00:00,88.74576904527618,90.8137151501633,"Model Name:lstm Hidden Dim:16 Num Layers:2 Dropout:0.2 Criterion:MSELoss() Prune:0.2 Alpha Smoothing:0.7 Cell Type:GRU Dilations:((1, 7), (14, 28)) Multiplicative Seasonality:False No Trend:False Beta Smoothing:0.2 Seasonality:7 Subset:0.001",30,199.96320531637312,200.0,1.2372898,1.1926001,
esrnn_1_2023-01-03 00:00:00,esrnn_esrnnsubsetFalsehyper,1,2023-01-03 00:00:00,112.39488578917859,115.12290053053084,"Model Name:lstm Hidden Dim:16 Num Layers:2 Dropout:0.2 Criterion:MSELoss() Prune:0.2 Alpha Smoothing:0.7 Cell Type:GRU Dilations:((1, 7), (14, 28)) Multiplicative Seasonality:False No Trend:False Beta Smoothing:0.2 Seasonality:7 Subset:0.001",31,199.93603228962817,200.0,1.6278137,1.5130515,
esrnn_1_2023-01-03 00:00:00,esrnn_esrnnfthyper,1,2023-01-03 00:00:00,88.74576904527618,90.8137151501633,"Model Name:lstm Hidden Dim:16 Num Layers:2 Dropout:0.2 Criterion:MSELoss() Prune:0.2 Alpha Smoothing:0.7 Cell Type:GRU Dilations:((1, 7), (14, 28)) Multiplicative Seasonality:False No Trend:False Beta Smoothing:0.2 Seasonality:7 Subset:0.001",30,199.96320531637312,200.0,1.2372898,1.1926001,
esrnn_1_2023-01-03 00:00:00,esrnn_esrnnsubsetTruehyper,1,2023-01-03 00:00:00,116.61446981533852,125.43901811487923,"Model Name:lstm Hidden Dim:16 Num Layers:2 Dropout:0.2 Criterion:MSELoss() Prune:0.2 Alpha Smoothing:0.7 Cell Type:GRU Dilations:((1, 7), (14, 28)) Multiplicative Seasonality:False No Trend:False Beta Smoothing:0.5 Seasonality:7 Subset:0.001",32,199.93919194390082,200.0,1.6949768,1.6457685,
esrnn_1_2023-01-03 00:00:00,esrnn_esrnnfthyper,1,2023-01-03 00:00:00,85.44039749110195,92.63729253788671,"Model Name:lstm Hidden Dim:16 Num Layers:2 Dropout:0.2 Criterion:MSELoss() Prune:0.2 Alpha Smoothing:0.7 Cell Type:GRU Dilations:((1, 7), (14, 28)) Multiplicative Seasonality:False No Trend:False Beta Smoothing:0.5 Seasonality:7 Subset:0.001",32,199.97031963470317,200.0,1.1802468,1.2127837,
esrnn_1_2023-01-03 00:00:00,esrnn_esrnnsubsetFalsehyper,1,2023-01-03 00:00:00,76.617126558174,92.87215570173603,"Model Name:lstm Hidden Dim:16 Num Layers:2 Dropout:0.2 Criterion:MSELoss() Prune:0.2 Alpha Smoothing:0.7 Cell Type:GRU Dilations:((1, 7), (14, 28)) Multiplicative Seasonality:False No Trend:False Beta Smoothing:0.5 Seasonality:7 Subset:0.001",33,199.99580071754727,200.0,1.0272142,1.2049155,
esrnn_1_2023-01-03 00:00:00,esrnn_esrnnfthyper,1,2023-01-03 00:00:00,85.44039749110195,92.63729253788671,"Model Name:lstm Hidden Dim:16 Num Layers:2 Dropout:0.2 Criterion:MSELoss() Prune:0.2 Alpha Smoothing:0.7 Cell Type:GRU Dilations:((1, 7), (14, 28)) Multiplicative Seasonality:False No Trend:False Beta Smoothing:0.5 Seasonality:7 Subset:0.001",32,199.97031963470317,200.0,1.1802468,1.2127837,
esrnn_1_2023-01-03 00:00:00,esrnn_esrnnsubsetTruehyper,1,2023-01-03 00:00:00,96.58595993336712,98.9101944316156,"Model Name:lstm Hidden Dim:16 Num Layers:2 Dropout:0.2 Criterion:MSELoss() Prune:0.2 Alpha Smoothing:0.7 Cell Type:GRU Dilations:((1, 7), (14, 28)) Multiplicative Seasonality:False No Trend:False Beta Smoothing:0.7 Seasonality:7 Subset:0.001",34,199.9506686236138,200.0,1.3673652,1.2993428,
esrnn_1_2023-01-03 00:00:00,esrnn_esrnnfthyper,1,2023-01-03 00:00:00,81.67653665909812,83.46864177735402,"Model Name:lstm Hidden Dim:16 Num Layers:2 Dropout:0.2 Criterion:MSELoss() Prune:0.2 Alpha Smoothing:0.7 Cell Type:GRU Dilations:((1, 7), (14, 28)) Multiplicative Seasonality:False No Trend:False Beta Smoothing:0.7 Seasonality:7 Subset:0.001",34,199.97849396607958,200.0,1.1192685,1.0957493,
esrnn_1_2023-01-03 00:00:00,esrnn_esrnnsubsetFalsehyper,1,2023-01-03 00:00:00,63.83240117254814,84.76662585814655,"Model Name:lstm Hidden Dim:16 Num Layers:2 Dropout:0.2 Criterion:MSELoss() Prune:0.2 Alpha Smoothing:0.7 Cell Type:GRU Dilations:((1, 7), (14, 28)) Multiplicative Seasonality:False No Trend:False Beta Smoothing:0.7 Seasonality:7 Subset:0.001",35,135.59240459882582,189.09208813048244,0.8052867,1.0924666,
esrnn_1_2023-01-03 00:00:00,esrnn_esrnnfthyper,1,2023-01-03 00:00:00,81.67653665909812,83.46864177735402,"Model Name:lstm Hidden Dim:16 Num Layers:2 Dropout:0.2 Criterion:MSELoss() Prune:0.2 Alpha Smoothing:0.7 Cell Type:GRU Dilations:((1, 7), (14, 28)) Multiplicative Seasonality:False No Trend:False Beta Smoothing:0.7 Seasonality:7 Subset:0.001",34,199.97849396607958,200.0,1.1192685,1.0957493,
esrnn_1_2023-01-03 00:00:00,esrnn_esrnnsubsetTruehyper,1,2023-01-03 00:00:00,135.53090774109424,138.67526140231357,"Model Name:lstm Hidden Dim:16 Num Layers:2 Dropout:0.2 Criterion:MSELoss() Prune:0.2 Alpha Smoothing:0.2 Cell Type:GRU Dilations:((1, 7), (14, 28)) Multiplicative Seasonality:True No Trend:True Beta Smoothing:0.5 Seasonality:7 Subset:0.001",36,199.95105593607306,200.0,2.0064719,1.8234515,
esrnn_1_2023-01-03 00:00:00,esrnn_esrnnfthyper,1,2023-01-03 00:00:00,139.2032153229587,142.40061638516528,"Model Name:lstm Hidden Dim:16 Num Layers:2 Dropout:0.2 Criterion:MSELoss() Prune:0.2 Alpha Smoothing:0.2 Cell Type:GRU Dilations:((1, 7), (14, 28)) Multiplicative Seasonality:True No Trend:True Beta Smoothing:0.5 Seasonality:7 Subset:0.001",36,199.9528090345727,200.0,2.0663605,1.8725445,
esrnn_1_2023-01-03 00:00:00,esrnn_esrnnsubsetFalsehyper,1,2023-01-03 00:00:00,112.13341750037095,114.85570516005072,"Model Name:lstm Hidden Dim:16 Num Layers:2 Dropout:0.2 Criterion:MSELoss() Prune:0.2 Alpha Smoothing:0.2 Cell Type:GRU Dilations:((1, 7), (14, 28)) Multiplicative Seasonality:True No Trend:True Beta Smoothing:0.5 Seasonality:7 Subset:0.001",37,199.93580805609915,200.0,1.6235176,1.5095301,
esrnn_1_2023-01-03 00:00:00,esrnn_esrnnfthyper,1,2023-01-03 00:00:00,139.2032153229587,142.40061638516528,"Model Name:lstm Hidden Dim:16 Num Layers:2 Dropout:0.2 Criterion:MSELoss() Prune:0.2 Alpha Smoothing:0.2 Cell Type:GRU Dilations:((1, 7), (14, 28)) Multiplicative Seasonality:True No Trend:True Beta Smoothing:0.5 Seasonality:7 Subset:0.001",36,199.9528090345727,200.0,2.0663605,1.8725445,
esrnn_1_2023-01-03 00:00:00,esrnn_esrnnsubsetTruehyper,1,2023-01-03 00:00:00,127.39787193449308,130.41356991797286,"Model Name:lstm Hidden Dim:16 Num Layers:2 Dropout:0.2 Criterion:MSELoss() Prune:0.2 Alpha Smoothing:0.2 Cell Type:GRU Dilations:((1, 7), (14, 28)) Multiplicative Seasonality:False No Trend:True Beta Smoothing:0.5 Seasonality:7 Subset:0.001",38,199.94665280495758,200.0,1.8736533,1.7145754,
esrnn_1_2023-01-03 00:00:00,esrnn_esrnnfthyper,1,2023-01-03 00:00:00,110.8840716412867,113.57866130874892,"Model Name:lstm Hidden Dim:16 Num Layers:2 Dropout:0.2 Criterion:MSELoss() Prune:0.2 Alpha Smoothing:0.2 Cell Type:GRU Dilations:((1, 7), (14, 28)) Multiplicative Seasonality:False No Trend:True Beta Smoothing:0.5 Seasonality:7 Subset:0.001",38,199.93482958251792,200.0,1.602985,1.4926977,
esrnn_1_2023-01-03 00:00:00,esrnn_esrnnsubsetFalsehyper,1,2023-01-03 00:00:00,77.17857046020774,88.82005102927914,"Model Name:lstm Hidden Dim:16 Num Layers:2 Dropout:0.2 Criterion:MSELoss() Prune:0.2 Alpha Smoothing:0.2 Cell Type:GRU Dilations:((1, 7), (14, 28)) Multiplicative Seasonality:False No Trend:True Beta Smoothing:0.5 Seasonality:7 Subset:0.001",39,199.9933137638617,200.0,1.0383197,1.155181,
esrnn_1_2023-01-03 00:00:00,esrnn_esrnnfthyper,1,2023-01-03 00:00:00,110.8840716412867,113.57866130874892,"Model Name:lstm Hidden Dim:16 Num Layers:2 Dropout:0.2 Criterion:MSELoss() Prune:0.2 Alpha Smoothing:0.2 Cell Type:GRU Dilations:((1, 7), (14, 28)) Multiplicative Seasonality:False No Trend:True Beta Smoothing:0.5 Seasonality:7 Subset:0.001",38,199.93482958251792,200.0,1.602985,1.4926977,
esrnn_1_2023-01-03 00:00:00,esrnn_esrnnsubsetTruehyper,1,2023-01-03 00:00:00,83.70905890624233,85.58555204443095,"Model Name:lstm Hidden Dim:16 Num Layers:2 Dropout:0.2 Criterion:MSELoss() Prune:0.2 Alpha Smoothing:0.5 Cell Type:GRU Dilations:((1, 7), (14, 28)) Multiplicative Seasonality:True No Trend:True Beta Smoothing:0.5 Seasonality:7 Subset:0.001",40,199.97358121330723,200.0,1.1532853,1.1236639,
esrnn_1_2023-01-03 00:00:00,esrnn_esrnnfthyper,1,2023-01-03 00:00:00,79.524450225033,81.22219175566336,"Model Name:lstm Hidden Dim:16 Num Layers:2 Dropout:0.2 Criterion:MSELoss() Prune:0.2 Alpha Smoothing:0.5 Cell Type:GRU Dilations:((1, 7), (14, 28)) Multiplicative Seasonality:True No Trend:True Beta Smoothing:0.5 Seasonality:7 Subset:0.001",40,199.98422211350294,200.0,1.0831684,1.0661246,
esrnn_1_2023-01-03 00:00:00,esrnn_esrnnsubsetFalsehyper,1,2023-01-03 00:00:00,117.13698077731473,119.96414259191161,"Model Name:lstm Hidden Dim:16 Num Layers:2 Dropout:0.2 Criterion:MSELoss() Prune:0.2 Alpha Smoothing:0.5 Cell Type:GRU Dilations:((1, 7), (14, 28)) Multiplicative Seasonality:True No Trend:True Beta Smoothing:0.5 Seasonality:7 Subset:0.001",41,199.93982387475538,200.0,1.7056532,1.5768596,
esrnn_1_2023-01-03 00:00:00,esrnn_esrnnfthyper,1,2023-01-03 00:00:00,79.524450225033,81.22219175566336,"Model Name:lstm Hidden Dim:16 Num Layers:2 Dropout:0.2 Criterion:MSELoss() Prune:0.2 Alpha Smoothing:0.5 Cell Type:GRU Dilations:((1, 7), (14, 28)) Multiplicative Seasonality:True No Trend:True Beta Smoothing:0.5 Seasonality:7 Subset:0.001",40,199.98422211350294,200.0,1.0831684,1.0661246,
esrnn_1_2023-01-03 00:00:00,esrnn_esrnnsubsetTruehyper,1,2023-01-03 00:00:00,89.23055963871066,100.14198416342418,"Model Name:lstm Hidden Dim:16 Num Layers:2 Dropout:0.2 Criterion:MSELoss() Prune:0.2 Alpha Smoothing:0.5 Cell Type:GRU Dilations:((1, 7), (14, 28)) Multiplicative Seasonality:False No Trend:True Beta Smoothing:0.5 Seasonality:7 Subset:0.001",42,199.96312377690802,200.0,1.242033,1.3088622,
esrnn_1_2023-01-03 00:00:00,esrnn_esrnnfthyper,1,2023-01-03 00:00:00,124.5907049101176,127.55799079487338,"Model Name:lstm Hidden Dim:16 Num Layers:2 Dropout:0.2 Criterion:MSELoss() Prune:0.2 Alpha Smoothing:0.5 Cell Type:GRU Dilations:((1, 7), (14, 28)) Multiplicative Seasonality:False No Trend:True Beta Smoothing:0.5 Seasonality:7 Subset:0.001",42,199.94496086105673,200.0,1.8277444,1.676942,
esrnn_1_2023-01-03 00:00:00,esrnn_esrnnsubsetFalsehyper,1,2023-01-03 00:00:00,72.43278470955849,87.42665173500441,"Model Name:lstm Hidden Dim:16 Num Layers:2 Dropout:0.2 Criterion:MSELoss() Prune:0.2 Alpha Smoothing:0.5 Cell Type:GRU Dilations:((1, 7), (14, 28)) Multiplicative Seasonality:False No Trend:True Beta Smoothing:0.5 Seasonality:7 Subset:0.001",43,181.77279028049574,194.74792694627192,0.9566605,1.1281397,
esrnn_1_2023-01-03 00:00:00,esrnn_esrnnfthyper,1,2023-01-03 00:00:00,124.5907049101176,127.55799079487338,"Model Name:lstm Hidden Dim:16 Num Layers:2 Dropout:0.2 Criterion:MSELoss() Prune:0.2 Alpha Smoothing:0.5 Cell Type:GRU Dilations:((1, 7), (14, 28)) Multiplicative Seasonality:False No Trend:True Beta Smoothing:0.5 Seasonality:7 Subset:0.001",42,199.94496086105673,200.0,1.8277444,1.676942,
esrnn_1_2023-01-03 00:00:00,esrnn_esrnnsubsetTruehyper,1,2023-01-03 00:00:00,96.06514818243139,101.44398854786813,"Model Name:lstm Hidden Dim:16 Num Layers:2 Dropout:0.2 Criterion:MSELoss() Prune:0.2 Alpha Smoothing:0.7 Cell Type:GRU Dilations:((1, 7), (14, 28)) Multiplicative Seasonality:True No Trend:True Beta Smoothing:0.5 Seasonality:7 Subset:0.001",44,199.95081131767773,200.0,1.3571583,1.3302056,
esrnn_1_2023-01-03 00:00:00,esrnn_esrnnfthyper,1,2023-01-03 00:00:00,109.46980266407947,112.13222001559141,"Model Name:lstm Hidden Dim:16 Num Layers:2 Dropout:0.2 Criterion:MSELoss() Prune:0.2 Alpha Smoothing:0.7 Cell Type:GRU Dilations:((1, 7), (14, 28)) Multiplicative Seasonality:True No Trend:True Beta Smoothing:0.5 Seasonality:7 Subset:0.001",44,199.93611382909327,200.0,1.5797529,1.4736328,
esrnn_1_2023-01-03 00:00:00,esrnn_esrnnsubsetFalsehyper,1,2023-01-03 00:00:00,46.39016451017662,56.735046298699935,"Model Name:lstm Hidden Dim:16 Num Layers:2 Dropout:0.2 Criterion:MSELoss() Prune:0.2 Alpha Smoothing:0.7 Cell Type:GRU Dilations:((1, 7), (14, 28)) Multiplicative Seasonality:True No Trend:True Beta Smoothing:0.5 Seasonality:7 Subset:0.001",45,72.25928530658838,116.16234923245614,0.5143535,0.7116323,
esrnn_1_2023-01-03 00:00:00,esrnn_esrnnfthyper,1,2023-01-03 00:00:00,109.46980266407947,112.13222001559141,"Model Name:lstm Hidden Dim:16 Num Layers:2 Dropout:0.2 Criterion:MSELoss() Prune:0.2 Alpha Smoothing:0.7 Cell Type:GRU Dilations:((1, 7), (14, 28)) Multiplicative Seasonality:True No Trend:True Beta Smoothing:0.5 Seasonality:7 Subset:0.001",44,199.93611382909327,200.0,1.5797529,1.4736328,
esrnn_1_2023-01-03 00:00:00,esrnn_esrnnsubsetTruehyper,1,2023-01-03 00:00:00,131.96609709031333,135.05605751640687,"Model Name:lstm Hidden Dim:16 Num Layers:2 Dropout:0.2 Criterion:MSELoss() Prune:0.2 Alpha Smoothing:0.7 Cell Type:GRU Dilations:((1, 7), (14, 28)) Multiplicative Seasonality:False No Trend:True Beta Smoothing:0.5 Seasonality:7 Subset:0.001",46,199.94922129810828,200.0,1.9482887,1.7757567,
esrnn_1_2023-01-03 00:00:00,esrnn_esrnnfthyper,1,2023-01-03 00:00:00,136.127180882438,139.28034902670225,"Model Name:lstm Hidden Dim:16 Num Layers:2 Dropout:0.2 Criterion:MSELoss() Prune:0.2 Alpha Smoothing:0.7 Cell Type:GRU Dilations:((1, 7), (14, 28)) Multiplicative Seasonality:False No Trend:True Beta Smoothing:0.5 Seasonality:7 Subset:0.001",46,199.9513413242009,200.0,2.016199,1.8314254,
esrnn_1_2023-01-03 00:00:00,esrnn_esrnnsubsetFalsehyper,1,2023-01-03 00:00:00,106.94865882749535,109.55156730251512,"Model Name:lstm Hidden Dim:16 Num Layers:2 Dropout:0.2 Criterion:MSELoss() Prune:0.2 Alpha Smoothing:0.7 Cell Type:GRU Dilations:((1, 7), (14, 28)) Multiplicative Seasonality:False No Trend:True Beta Smoothing:0.5 Seasonality:7 Subset:0.001",47,199.93851924331375,200.0,1.538302,1.4396173,
esrnn_1_2023-01-03 00:00:00,esrnn_esrnnfthyper,1,2023-01-03 00:00:00,136.127180882438,139.28034902670225,"Model Name:lstm Hidden Dim:16 Num Layers:2 Dropout:0.2 Criterion:MSELoss() Prune:0.2 Alpha Smoothing:0.7 Cell Type:GRU Dilations:((1, 7), (14, 28)) Multiplicative Seasonality:False No Trend:True Beta Smoothing:0.5 Seasonality:7 Subset:0.001",46,199.9513413242009,200.0,2.016199,1.8314254,
esrnn_1_2023-01-03 00:00:00,esrnn_esrnnsubsetTruehyper,1,2023-01-03 00:00:00,15.920179102671327,20.65215497537613,"Model Name:lstm Hidden Dim:16 Num Layers:2 Dropout:0.2 Criterion:MSELoss() Prune:0.2 Alpha Smoothing:0.2 Cell Type:GRU Dilations:((1, 7), (14, 28)) Multiplicative Seasonality:True No Trend:False Beta Smoothing:0.2 Seasonality:7 Subset:0.001",0,18.122138474396607,24.472071597450658,0.19199882,0.25328475,200.0
esrnn_1_2023-01-03 00:00:00,esrnn_esrnnfthyper,1,2023-01-03 00:00:00,21.776445118791056,16.43906688111813,"Model Name:lstm Hidden Dim:16 Num Layers:2 Dropout:0.2 Criterion:MSELoss() Prune:0.2 Alpha Smoothing:0.2 Cell Type:GRU Dilations:((1, 7), (14, 28)) Multiplicative Seasonality:True No Trend:False Beta Smoothing:0.2 Seasonality:7 Subset:0.001",0,27.198408451565555,15.46063446580318,0.2966555,0.12362861,200.0
esrnn_1_2023-01-03 00:00:00,esrnn_esrnnsubsetFalsehyper,1,2023-01-03 00:00:00,71.2403125267306,72.51723259638015,"Model Name:lstm Hidden Dim:16 Num Layers:2 Dropout:0.2 Criterion:MSELoss() Prune:0.2 Alpha Smoothing:0.2 Cell Type:GRU Dilations:((1, 7), (14, 28)) Multiplicative Seasonality:True No Trend:False Beta Smoothing:0.2 Seasonality:7 Subset:0.001",1,178.6956539465101,181.43081825657893,0.94325763,0.9513108,200.0
esrnn_1_2023-01-03 00:00:00,esrnn_esrnnfthyper,1,2023-01-03 00:00:00,21.776445118791056,16.43906688111813,"Model Name:lstm Hidden Dim:16 Num Layers:2 Dropout:0.2 Criterion:MSELoss() Prune:0.2 Alpha Smoothing:0.2 Cell Type:GRU Dilations:((1, 7), (14, 28)) Multiplicative Seasonality:True No Trend:False Beta Smoothing:0.2 Seasonality:7 Subset:0.001",0,27.198408451565555,15.46063446580318,0.2966555,0.12362861,200.0
esrnn_1_2023-01-03 00:00:00,esrnn_esrnnsubsetTruehyper,1,2023-01-03 00:00:00,14.562730517220578,21.31133367753493,"Model Name:lstm Hidden Dim:16 Num Layers:2 Dropout:0.2 Criterion:MSELoss() Prune:0.2 Alpha Smoothing:0.2 Cell Type:GRU Dilations:((1, 7), (14, 28)) Multiplicative Seasonality:True No Trend:False Beta Smoothing:0.5 Seasonality:7 Subset:0.001",2,15.827370759947813,25.33748800712719,0.1716443,0.23352025,200.0
esrnn_1_2023-01-03 00:00:00,esrnn_esrnnfthyper,1,2023-01-03 00:00:00,105.3202380317406,107.88321955939209,"Model Name:lstm Hidden Dim:16 Num Layers:2 Dropout:0.2 Criterion:MSELoss() Prune:0.2 Alpha Smoothing:0.2 Cell Type:GRU Dilations:((1, 7), (14, 28)) Multiplicative Seasonality:True No Trend:False Beta Smoothing:0.5 Seasonality:7 Subset:0.001",2,199.94019080234833,200.0,1.5115027,1.4176263,200.0
esrnn_1_2023-01-03 00:00:00,esrnn_esrnnsubsetFalsehyper,1,2023-01-03 00:00:00,15.834602438944088,23.088020739339182,"Model Name:lstm Hidden Dim:16 Num Layers:2 Dropout:0.2 Criterion:MSELoss() Prune:0.2 Alpha Smoothing:0.2 Cell Type:GRU Dilations:((1, 7), (14, 28)) Multiplicative Seasonality:True No Trend:False Beta Smoothing:0.5 Seasonality:7 Subset:0.001",3,17.457652988421394,28.094293962445175,0.18371421,0.26582348,200.0
esrnn_1_2023-01-03 00:00:00,esrnn_esrnnfthyper,1,2023-01-03 00:00:00,105.3202380317406,107.88321955939209,"Model Name:lstm Hidden Dim:16 Num Layers:2 Dropout:0.2 Criterion:MSELoss() Prune:0.2 Alpha Smoothing:0.2 Cell Type:GRU Dilations:((1, 7), (14, 28)) Multiplicative Seasonality:True No Trend:False Beta Smoothing:0.5 Seasonality:7 Subset:0.001",2,199.94019080234833,200.0,1.5115027,1.4176263,200.0
esrnn_1_2023-01-03 00:00:00,esrnn_esrnnsubsetTruehyper,1,2023-01-03 00:00:00,87.09661201343454,89.10447475786499,"Model Name:lstm Hidden Dim:16 Num Layers:2 Dropout:0.2 Criterion:MSELoss() Prune:0.2 Alpha Smoothing:0.2 Cell Type:GRU Dilations:((1, 7), (14, 28)) Multiplicative Seasonality:True No Trend:False Beta Smoothing:0.7 Seasonality:7 Subset:0.001",4,199.96636497064577,200.0,1.209827,1.1700636,200.0
esrnn_1_2023-01-03 00:00:00,esrnn_esrnnfthyper,1,2023-01-03 00:00:00,65.66375343844578,66.59178859734698,"Model Name:lstm Hidden Dim:16 Num Layers:2 Dropout:0.2 Criterion:MSELoss() Prune:0.2 Alpha Smoothing:0.2 Cell Type:GRU Dilations:((1, 7), (14, 28)) Multiplicative Seasonality:True No Trend:False Beta Smoothing:0.7 Seasonality:7 Subset:0.001",4,148.15993966079583,154.979766310307,0.84799474,0.8731359,200.0
esrnn_1_2023-01-03 00:00:00,esrnn_esrnnsubsetFalsehyper,1,2023-01-03 00:00:00,86.40012975612363,88.38187848938549,"Model Name:lstm Hidden Dim:16 Num Layers:2 Dropout:0.2 Criterion:MSELoss() Prune:0.2 Alpha Smoothing:0.2 Cell Type:GRU Dilations:((1, 7), (14, 28)) Multiplicative Seasonality:True No Trend:False Beta Smoothing:0.7 Seasonality:7 Subset:0.001",5,199.96777152641877,200.0,1.1982167,1.1605359,200.0
esrnn_1_2023-01-03 00:00:00,esrnn_esrnnfthyper,1,2023-01-03 00:00:00,65.66375343844578,66.59178859734698,"Model Name:lstm Hidden Dim:16 Num Layers:2 Dropout:0.2 Criterion:MSELoss() Prune:0.2 Alpha Smoothing:0.2 Cell Type:GRU Dilations:((1, 7), (14, 28)) Multiplicative Seasonality:True No Trend:False Beta Smoothing:0.7 Seasonality:7 Subset:0.001",4,148.15993966079583,154.979766310307,0.84799474,0.8731359,200.0
esrnn_1_2023-01-03 00:00:00,esrnn_esrnnsubsetTruehyper,1,2023-01-03 00:00:00,16.43249853359618,27.057732917680507,"Model Name:lstm Hidden Dim:16 Num Layers:2 Dropout:0.2 Criterion:MSELoss() Prune:0.2 Alpha Smoothing:0.2 Cell Type:GRU Dilations:((1, 7), (14, 28)) Multiplicative Seasonality:False No Trend:False Beta Smoothing:0.2 Seasonality:7 Subset:0.001",6,18.129731837084147,33.84357867324561,0.18652089,0.2876478,200.0
esrnn_1_2023-01-03 00:00:00,esrnn_esrnnfthyper,1,2023-01-03 00:00:00,16.505849090526024,21.221273235697726,"Model Name:lstm Hidden Dim:16 Num Layers:2 Dropout:0.2 Criterion:MSELoss() Prune:0.2 Alpha Smoothing:0.2 Cell Type:GRU Dilations:((1, 7), (14, 28)) Multiplicative Seasonality:False No Trend:False Beta Smoothing:0.2 Seasonality:7 Subset:0.001",6,18.94588582436399,24.692913925438596,0.20206247,0.25282386,200.0
esrnn_1_2023-01-03 00:00:00,esrnn_esrnnsubsetFalsehyper,1,2023-01-03 00:00:00,90.69364318441784,92.82965960901181,"Model Name:lstm Hidden Dim:16 Num Layers:2 Dropout:0.2 Criterion:MSELoss() Prune:0.2 Alpha Smoothing:0.2 Cell Type:GRU Dilations:((1, 7), (14, 28)) Multiplicative Seasonality:False No Trend:False Beta Smoothing:0.2 Seasonality:7 Subset:0.001",7,199.95971950424004,200.0,1.2696784,1.2191793,200.0
esrnn_1_2023-01-03 00:00:00,esrnn_esrnnfthyper,1,2023-01-03 00:00:00,16.505849090526024,21.221273235697726,"Model Name:lstm Hidden Dim:16 Num Layers:2 Dropout:0.2 Criterion:MSELoss() Prune:0.2 Alpha Smoothing:0.2 Cell Type:GRU Dilations:((1, 7), (14, 28)) Multiplicative Seasonality:False No Trend:False Beta Smoothing:0.2 Seasonality:7 Subset:0.001",6,18.94588582436399,24.692913925438596,0.20206247,0.25282386,200.0
esrnn_1_2023-01-03 00:00:00,esrnn_esrnnsubsetTruehyper,1,2023-01-03 00:00:00,16.422505897431485,22.8828858504287,"Model Name:lstm Hidden Dim:16 Num Layers:2 Dropout:0.2 Criterion:MSELoss() Prune:0.2 Alpha Smoothing:0.2 Cell Type:GRU Dilations:((1, 7), (14, 28)) Multiplicative Seasonality:False No Trend:False Beta Smoothing:0.5 Seasonality:7 Subset:0.001",8,18.66545631523157,27.32563219572368,0.20020626,0.24644147,200.0
esrnn_1_2023-01-03 00:00:00,esrnn_esrnnfthyper,1,2023-01-03 00:00:00,16.30576182373408,21.199373862178984,"Model Name:lstm Hidden Dim:16 Num Layers:2 Dropout:0.2 Criterion:MSELoss() Prune:0.2 Alpha Smoothing:0.2 Cell Type:GRU Dilations:((1, 7), (14, 28)) Multiplicative Seasonality:False No Trend:False Beta Smoothing:0.5 Seasonality:7 Subset:0.001",8,18.256074690150033,25.18366442228618,0.19014111,0.2398511,200.0
esrnn_1_2023-01-03 00:00:00,esrnn_esrnnsubsetFalsehyper,1,2023-01-03 00:00:00,14.025854487916625,22.40776586791745,"Model Name:lstm Hidden Dim:16 Num Layers:2 Dropout:0.2 Criterion:MSELoss() Prune:0.2 Alpha Smoothing:0.2 Cell Type:GRU Dilations:((1, 7), (14, 28)) Multiplicative Seasonality:False No Trend:False Beta Smoothing:0.5 Seasonality:7 Subset:0.001",9,15.029109589041095,26.832159745065788,0.16688143,0.23721883,200.0
esrnn_1_2023-01-03 00:00:00,esrnn_esrnnfthyper,1,2023-01-03 00:00:00,16.30576182373408,21.199373862178984,"Model Name:lstm Hidden Dim:16 Num Layers:2 Dropout:0.2 Criterion:MSELoss() Prune:0.2 Alpha Smoothing:0.2 Cell Type:GRU Dilations:((1, 7), (14, 28)) Multiplicative Seasonality:False No Trend:False Beta Smoothing:0.5 Seasonality:7 Subset:0.001",8,18.256074690150033,25.18366442228618,0.19014111,0.2398511,200.0
esrnn_1_2023-01-03 00:00:00,esrnn_esrnnsubsetTruehyper,1,2023-01-03 00:00:00,14.161177226123804,22.458913631644606,"Model Name:lstm Hidden Dim:16 Num Layers:2 Dropout:0.2 Criterion:MSELoss() Prune:0.2 Alpha Smoothing:0.2 Cell Type:GRU Dilations:((1, 7), (14, 28)) Multiplicative Seasonality:False No Trend:False Beta Smoothing:0.7 Seasonality:7 Subset:0.001",10,15.226029945368557,26.569854200932017,0.16781875,0.23900764,200.0
esrnn_1_2023-01-03 00:00:00,esrnn_esrnnfthyper,1,2023-01-03 00:00:00,89.0445842726061,91.12320492916444,"Model Name:lstm Hidden Dim:16 Num Layers:2 Dropout:0.2 Criterion:MSELoss() Prune:0.2 Alpha Smoothing:0.2 Cell Type:GRU Dilations:((1, 7), (14, 28)) Multiplicative Seasonality:False No Trend:False Beta Smoothing:0.7 Seasonality:7 Subset:0.001",10,199.96265492498367,200.0,1.2422619,1.1966805,200.0
esrnn_1_2023-01-03 00:00:00,esrnn_esrnnsubsetFalsehyper,1,2023-01-03 00:00:00,14.865516011366026,23.67588146788309,"Model Name:lstm Hidden Dim:16 Num Layers:2 Dropout:0.2 Criterion:MSELoss() Prune:0.2 Alpha Smoothing:0.2 Cell Type:GRU Dilations:((1, 7), (14, 28)) Multiplicative Seasonality:False No Trend:False Beta Smoothing:0.7 Seasonality:7 Subset:0.001",11,15.536602301451401,28.92844323944627,0.17173919,0.27485654,200.0
esrnn_1_2023-01-03 00:00:00,esrnn_esrnnfthyper,1,2023-01-03 00:00:00,89.0445842726061,91.12320492916444,"Model Name:lstm Hidden Dim:16 Num Layers:2 Dropout:0.2 Criterion:MSELoss() Prune:0.2 Alpha Smoothing:0.2 Cell Type:GRU Dilations:((1, 7), (14, 28)) Multiplicative Seasonality:False No Trend:False Beta Smoothing:0.7 Seasonality:7 Subset:0.001",10,199.96265492498367,200.0,1.2422619,1.1966805,200.0
esrnn_1_2023-01-03 00:00:00,esrnn_esrnnsubsetTruehyper,1,2023-01-03 00:00:00,72.6970886571034,74.05554094415386,"Model Name:lstm Hidden Dim:16 Num Layers:2 Dropout:0.2 Criterion:MSELoss() Prune:0.2 Alpha Smoothing:0.5 Cell Type:GRU Dilations:((1, 7), (14, 28)) Multiplicative Seasonality:True No Trend:False Beta Smoothing:0.2 Seasonality:7 Subset:0.001",12,187.64938030006522,188.95555783991227,0.9679853,0.97160274,200.0
esrnn_1_2023-01-03 00:00:00,esrnn_esrnnfthyper,1,2023-01-03 00:00:00,54.21025915143392,54.166371944310384,"Model Name:lstm Hidden Dim:16 Num Layers:2 Dropout:0.2 Criterion:MSELoss() Prune:0.2 Alpha Smoothing:0.5 Cell Type:GRU Dilations:((1, 7), (14, 28)) Multiplicative Seasonality:True No Trend:False Beta Smoothing:0.2 Seasonality:7 Subset:0.001",12,99.10873287671232,109.90965083607456,0.6517157,0.7091223,200.0
esrnn_1_2023-01-03 00:00:00,esrnn_esrnnsubsetFalsehyper,1,2023-01-03 00:00:00,11.298377226039788,16.79336809321056,"Model Name:lstm Hidden Dim:16 Num Layers:2 Dropout:0.2 Criterion:MSELoss() Prune:0.2 Alpha Smoothing:0.5 Cell Type:GRU Dilations:((1, 7), (14, 28)) Multiplicative Seasonality:True No Trend:False Beta Smoothing:0.2 Seasonality:7 Subset:0.001",13,13.538454776174168,20.1505126953125,0.1514558,0.19649942,200.0
esrnn_1_2023-01-03 00:00:00,esrnn_esrnnfthyper,1,2023-01-03 00:00:00,54.21025915143392,54.166371944310384,"Model Name:lstm Hidden Dim:16 Num Layers:2 Dropout:0.2 Criterion:MSELoss() Prune:0.2 Alpha Smoothing:0.5 Cell Type:GRU Dilations:((1, 7), (14, 28)) Multiplicative Seasonality:True No Trend:False Beta Smoothing:0.2 Seasonality:7 Subset:0.001",12,99.10873287671232,109.90965083607456,0.6517157,0.7091223,200.0
esrnn_1_2023-01-03 00:00:00,esrnn_esrnnsubsetTruehyper,1,2023-01-03 00:00:00,77.16533715219872,78.75314353844867,"Model Name:lstm Hidden Dim:16 Num Layers:2 Dropout:0.2 Criterion:MSELoss() Prune:0.2 Alpha Smoothing:0.5 Cell Type:GRU Dilations:((1, 7), (14, 28)) Multiplicative Seasonality:True No Trend:False Beta Smoothing:0.5 Seasonality:7 Subset:0.001",14,199.99123450750162,200.0,1.0434884,1.0335624,200.0
esrnn_1_2023-01-03 00:00:00,esrnn_esrnnfthyper,1,2023-01-03 00:00:00,83.27147280788151,85.13017375980739,"Model Name:lstm Hidden Dim:16 Num Layers:2 Dropout:0.2 Criterion:MSELoss() Prune:0.2 Alpha Smoothing:0.5 Cell Type:GRU Dilations:((1, 7), (14, 28)) Multiplicative Seasonality:True No Trend:False Beta Smoothing:0.5 Seasonality:7 Subset:0.001",14,199.974600456621,200.0,1.1459677,1.1176593,200.0
esrnn_1_2023-01-03 00:00:00,esrnn_esrnnsubsetFalsehyper,1,2023-01-03 00:00:00,91.0850821347821,93.2343946392639,"Model Name:lstm Hidden Dim:16 Num Layers:2 Dropout:0.2 Criterion:MSELoss() Prune:0.2 Alpha Smoothing:0.5 Cell Type:GRU Dilations:((1, 7), (14, 28)) Multiplicative Seasonality:True No Trend:False Beta Smoothing:0.5 Seasonality:7 Subset:0.001",15,199.95906718851924,200.0,1.276181,1.2245154,200.0
esrnn_1_2023-01-03 00:00:00,esrnn_esrnnfthyper,1,2023-01-03 00:00:00,83.27147280788151,85.13017375980739,"Model Name:lstm Hidden Dim:16 Num Layers:2 Dropout:0.2 Criterion:MSELoss() Prune:0.2 Alpha Smoothing:0.5 Cell Type:GRU Dilations:((1, 7), (14, 28)) Multiplicative Seasonality:True No Trend:False Beta Smoothing:0.5 Seasonality:7 Subset:0.001",14,199.974600456621,200.0,1.1459677,1.1176593,200.0
esrnn_1_2023-01-03 00:00:00,esrnn_esrnnsubsetTruehyper,1,2023-01-03 00:00:00,91.74526341656555,93.91674234228687,"Model Name:lstm Hidden Dim:16 Num Layers:2 Dropout:0.2 Criterion:MSELoss() Prune:0.2 Alpha Smoothing:0.5 Cell Type:GRU Dilations:((1, 7), (14, 28)) Multiplicative Seasonality:True No Trend:False Beta Smoothing:0.7 Seasonality:7 Subset:0.001",16,199.95796640574036,200.0,1.2871436,1.2335116,200.0
esrnn_1_2023-01-03 00:00:00,esrnn_esrnnfthyper,1,2023-01-03 00:00:00,15.951247804436953,19.350882797409074,"Model Name:lstm Hidden Dim:16 Num Layers:2 Dropout:0.2 Criterion:MSELoss() Prune:0.2 Alpha Smoothing:0.5 Cell Type:GRU Dilations:((1, 7), (14, 28)) Multiplicative Seasonality:True No Trend:False Beta Smoothing:0.7 Seasonality:7 Subset:0.001",16,17.89948986872146,22.2545166015625,0.1913974,0.21806659,200.0
esrnn_1_2023-01-03 00:00:00,esrnn_esrnnsubsetFalsehyper,1,2023-01-03 00:00:00,15.0967162951255,20.875179084420825,"Model Name:lstm Hidden Dim:16 Num Layers:2 Dropout:0.2 Criterion:MSELoss() Prune:0.2 Alpha Smoothing:0.5 Cell Type:GRU Dilations:((1, 7), (14, 28)) Multiplicative Seasonality:True No Trend:False Beta Smoothing:0.7 Seasonality:7 Subset:0.001",17,16.186215753424655,24.99802760074013,0.17033312,0.2398398,200.0
esrnn_1_2023-01-03 00:00:00,esrnn_esrnnfthyper,1,2023-01-03 00:00:00,15.951247804436953,19.350882797409074,"Model Name:lstm Hidden Dim:16 Num Layers:2 Dropout:0.2 Criterion:MSELoss() Prune:0.2 Alpha Smoothing:0.5 Cell Type:GRU Dilations:((1, 7), (14, 28)) Multiplicative Seasonality:True No Trend:False Beta Smoothing:0.7 Seasonality:7 Subset:0.001",16,17.89948986872146,22.2545166015625,0.1913974,0.21806659,200.0
esrnn_1_2023-01-03 00:00:00,esrnn_esrnnsubsetTruehyper,1,2023-01-03 00:00:00,102.94179275353864,105.44395078814384,"Model Name:lstm Hidden Dim:16 Num Layers:2 Dropout:0.2 Criterion:MSELoss() Prune:0.2 Alpha Smoothing:0.5 Cell Type:GRU Dilations:((1, 7), (14, 28)) Multiplicative Seasonality:False No Trend:False Beta Smoothing:0.2 Seasonality:7 Subset:0.001",18,199.942759295499,200.0,1.4723212,1.3854729,200.0
esrnn_1_2023-01-03 00:00:00,esrnn_esrnnfthyper,1,2023-01-03 00:00:00,101.78285230547186,104.25429959658739,"Model Name:lstm Hidden Dim:16 Num Layers:2 Dropout:0.2 Criterion:MSELoss() Prune:0.2 Alpha Smoothing:0.5 Cell Type:GRU Dilations:((1, 7), (14, 28)) Multiplicative Seasonality:False No Trend:False Beta Smoothing:0.2 Seasonality:7 Subset:0.001",18,199.94406392694063,200.0,1.4532117,1.3697912,200.0
esrnn_1_2023-01-03 00:00:00,esrnn_esrnnsubsetFalsehyper,1,2023-01-03 00:00:00,16.15599310724197,23.474152330525563,"Model Name:lstm Hidden Dim:16 Num Layers:2 Dropout:0.2 Criterion:MSELoss() Prune:0.2 Alpha Smoothing:0.5 Cell Type:GRU Dilations:((1, 7), (14, 28)) Multiplicative Seasonality:False No Trend:False Beta Smoothing:0.2 Seasonality:7 Subset:0.001",19,17.98937438845401,28.81127287212171,0.1960804,0.26550287,200.0
esrnn_1_2023-01-03 00:00:00,esrnn_esrnnfthyper,1,2023-01-03 00:00:00,101.78285230547186,104.25429959658739,"Model Name:lstm Hidden Dim:16 Num Layers:2 Dropout:0.2 Criterion:MSELoss() Prune:0.2 Alpha Smoothing:0.5 Cell Type:GRU Dilations:((1, 7), (14, 28)) Multiplicative Seasonality:False No Trend:False Beta Smoothing:0.2 Seasonality:7 Subset:0.001",18,199.94406392694063,200.0,1.4532117,1.3697912,200.0
esrnn_1_2023-01-03 00:00:00,esrnn_esrnnsubsetTruehyper,1,2023-01-03 00:00:00,17.119266190533512,21.78003731940709,"Model Name:lstm Hidden Dim:16 Num Layers:2 Dropout:0.2 Criterion:MSELoss() Prune:0.2 Alpha Smoothing:0.5 Cell Type:GRU Dilations:((1, 7), (14, 28)) Multiplicative Seasonality:False No Trend:False Beta Smoothing:0.5 Seasonality:7 Subset:0.001",20,19.978487595808872,25.463903594435305,0.21507303,0.26640794,200.0
esrnn_1_2023-01-03 00:00:00,esrnn_esrnnfthyper,1,2023-01-03 00:00:00,93.67785244689644,95.9123338327767,"Model Name:lstm Hidden Dim:16 Num Layers:2 Dropout:0.2 Criterion:MSELoss() Prune:0.2 Alpha Smoothing:0.5 Cell Type:GRU Dilations:((1, 7), (14, 28)) Multiplicative Seasonality:False No Trend:False Beta Smoothing:0.5 Seasonality:7 Subset:0.001",20,199.95488829093281,200.0,1.3192039,1.259821,200.0
esrnn_1_2023-01-03 00:00:00,esrnn_esrnnsubsetFalsehyper,1,2023-01-03 00:00:00,17.05340445528766,25.208122954528466,"Model Name:lstm Hidden Dim:16 Num Layers:2 Dropout:0.2 Criterion:MSELoss() Prune:0.2 Alpha Smoothing:0.5 Cell Type:GRU Dilations:((1, 7), (14, 28)) Multiplicative Seasonality:False No Trend:False Beta Smoothing:0.5 Seasonality:7 Subset:0.001",21,18.645759438193085,30.95676783511513,0.18528959,0.26420423,200.0
esrnn_1_2023-01-03 00:00:00,esrnn_esrnnfthyper,1,2023-01-03 00:00:00,93.67785244689644,95.9123338327767,"Model Name:lstm Hidden Dim:16 Num Layers:2 Dropout:0.2 Criterion:MSELoss() Prune:0.2 Alpha Smoothing:0.5 Cell Type:GRU Dilations:((1, 7), (14, 28)) Multiplicative Seasonality:False No Trend:False Beta Smoothing:0.5 Seasonality:7 Subset:0.001",20,199.95488829093281,200.0,1.3192039,1.259821,200.0
esrnn_1_2023-01-03 00:00:00,esrnn_esrnnsubsetTruehyper,1,2023-01-03 00:00:00,56.0101091252173,56.148795675948165,"Model Name:lstm Hidden Dim:16 Num Layers:2 Dropout:0.2 Criterion:MSELoss() Prune:0.2 Alpha Smoothing:0.5 Cell Type:GRU Dilations:((1, 7), (14, 28)) Multiplicative Seasonality:False No Trend:False Beta Smoothing:0.7 Seasonality:7 Subset:0.001",22,105.84662426614481,116.31837650767544,0.6822912,0.7352998,200.0
esrnn_1_2023-01-03 00:00:00,esrnn_esrnnfthyper,1,2023-01-03 00:00:00,71.56644025724452,72.86192662538166,"Model Name:lstm Hidden Dim:16 Num Layers:2 Dropout:0.2 Criterion:MSELoss() Prune:0.2 Alpha Smoothing:0.5 Cell Type:GRU Dilations:((1, 7), (14, 28)) Multiplicative Seasonality:False No Trend:False Beta Smoothing:0.7 Seasonality:7 Subset:0.001",22,180.66055120678408,183.09143708881578,0.9487985,0.9558578,200.0
esrnn_1_2023-01-03 00:00:00,esrnn_esrnnsubsetFalsehyper,1,2023-01-03 00:00:00,14.517402466186379,20.17061322060667,"Model Name:lstm Hidden Dim:16 Num Layers:2 Dropout:0.2 Criterion:MSELoss() Prune:0.2 Alpha Smoothing:0.5 Cell Type:GRU Dilations:((1, 7), (14, 28)) Multiplicative Seasonality:False No Trend:False Beta Smoothing:0.7 Seasonality:7 Subset:0.001",23,15.82941434279191,24.15377861156798,0.17062646,0.22545539,200.0
esrnn_1_2023-01-03 00:00:00,esrnn_esrnnfthyper,1,2023-01-03 00:00:00,71.56644025724452,72.86192662538166,"Model Name:lstm Hidden Dim:16 Num Layers:2 Dropout:0.2 Criterion:MSELoss() Prune:0.2 Alpha Smoothing:0.5 Cell Type:GRU Dilations:((1, 7), (14, 28)) Multiplicative Seasonality:False No Trend:False Beta Smoothing:0.7 Seasonality:7 Subset:0.001",22,180.66055120678408,183.09143708881578,0.9487985,0.9558578,200.0
esrnn_1_2023-01-03 00:00:00,esrnn_esrnnsubsetTruehyper,1,2023-01-03 00:00:00,16.27129013976765,21.41488477762751,"Model Name:lstm Hidden Dim:16 Num Layers:2 Dropout:0.2 Criterion:MSELoss() Prune:0.2 Alpha Smoothing:0.7 Cell Type:GRU Dilations:((1, 7), (14, 28)) Multiplicative Seasonality:True No Trend:False Beta Smoothing:0.2 Seasonality:7 Subset:0.001",24,18.388578869047617,24.612066971628288,0.19585374,0.23570359,200.0
esrnn_1_2023-01-03 00:00:00,esrnn_esrnnfthyper,1,2023-01-03 00:00:00,15.459616937666178,20.029533705480624,"Model Name:lstm Hidden Dim:16 Num Layers:2 Dropout:0.2 Criterion:MSELoss() Prune:0.2 Alpha Smoothing:0.7 Cell Type:GRU Dilations:((1, 7), (14, 28)) Multiplicative Seasonality:True No Trend:False Beta Smoothing:0.2 Seasonality:7 Subset:0.001",24,17.099322712818005,23.61817262883772,0.1804808,0.22286578,200.0
esrnn_1_2023-01-03 00:00:00,esrnn_esrnnsubsetFalsehyper,1,2023-01-03 00:00:00,14.504679483832483,26.044838608907956,"Model Name:lstm Hidden Dim:16 Num Layers:2 Dropout:0.2 Criterion:MSELoss() Prune:0.2 Alpha Smoothing:0.7 Cell Type:GRU Dilations:((1, 7), (14, 28)) Multiplicative Seasonality:True No Trend:False Beta Smoothing:0.2 Seasonality:7 Subset:0.001",25,15.299807872635355,33.03616921943531,0.16755797,0.293582,200.0
esrnn_1_2023-01-03 00:00:00,esrnn_esrnnfthyper,1,2023-01-03 00:00:00,15.459616937666178,20.029533705480624,"Model Name:lstm Hidden Dim:16 Num Layers:2 Dropout:0.2 Criterion:MSELoss() Prune:0.2 Alpha Smoothing:0.7 Cell Type:GRU Dilations:((1, 7), (14, 28)) Multiplicative Seasonality:True No Trend:False Beta Smoothing:0.2 Seasonality:7 Subset:0.001",24,17.099322712818005,23.61817262883772,0.1804808,0.22286578,200.0
esrnn_1_2023-01-03 00:00:00,esrnn_esrnnsubsetTruehyper,1,2023-01-03 00:00:00,78.31411797510555,79.95635406074679,"Model Name:lstm Hidden Dim:16 Num Layers:2 Dropout:0.2 Criterion:MSELoss() Prune:0.2 Alpha Smoothing:0.7 Cell Type:GRU Dilations:((1, 7), (14, 28)) Multiplicative Seasonality:True No Trend:False Beta Smoothing:0.5 Seasonality:7 Subset:0.001",26,199.987707925636,200.0,1.0628254,1.0494307,200.0
esrnn_1_2023-01-03 00:00:00,esrnn_esrnnfthyper,1,2023-01-03 00:00:00,71.08899022528031,72.35723753860944,"Model Name:lstm Hidden Dim:16 Num Layers:2 Dropout:0.2 Criterion:MSELoss() Prune:0.2 Alpha Smoothing:0.7 Cell Type:GRU Dilations:((1, 7), (14, 28)) Multiplicative Seasonality:True No Trend:False Beta Smoothing:0.5 Seasonality:7 Subset:0.001",26,177.79142204827136,180.66486773574562,0.9406857,0.9492002,200.0
